Lat,Long,Country,Tests,E+3,E+4,E+5,E+6,E+7,E+8,confidence(E-5),confidence(E-6),confidence(E-7),confidence(E-8),confidence(E-9),,,Lat,Long,Country,Tests,confidence(E-5),confidence(E-6),confidence(E-7),confidence(E-8),confidence(E-9),,Lat,Long,Country,Tests,E+3,E+4,E+5,E+6,E+7,E+8,,Country,survivial-case-discharge rate,error,,Country,x,x1,Country,n,n1,
37.0902,-95.7129,USA,81102397,0.102646868,0.102997332,0.104105598,0.10761024,0.118692891,0.153739312,0.148643016,0.107100519,0.102945945,0.102528558,0.102484787,,,30.9756,112.2707,China,90410000,0.540769399,0.146313263,0.106867635,0.10292308,0.102528558,,30.9756,112.2707,China,90410000,0.103942419,0.107094225,0.11706111,0.148579168,0.248248019,0.563428598,,China,0.996965061,0.000649362,,Pakistan,0.999994997,5.00303E-06,Bolivia,27932273484,116835.7509,
-14.235,-51.9253,Brazil,14352484,0.102687903,0.103127098,0.104515951,0.108907893,0.122796431,0.166715842,0.126818511,0.104918125,0.102728003,0.102506673,0.102484787,,,37.0902,-95.7129,USA,81102397,0.148643016,0.107100519,0.102945945,0.102528558,0.102484787,,2.5,112.5,Malaysia,1232927,0.103109494,0.104460285,0.10873186,0.122239766,0.164955516,0.300034579,,Malaysia,0.983246301,0.004483664,,Turkey,0.999994988,5.01188E-06,Ukraine,27922028381,18409.57834,
21,78,India,40406609,0.102678451,0.103097206,0.104421427,0.108608979,0.12185118,0.163726707,0.141413939,0.106377654,0.102873834,0.102522694,0.102484787,,,60,90,Russia,36000000,0.143050809,0.106541361,0.102890704,0.102522694,0.102484787,,17.0608,-61.7964,Antigua and Barbuda,1875,0.10303167,0.104214183,0.107953618,0.119778748,0.157173094,0.2754244,,Antigua and Barbuda,0.978021978,0.058062047,,Saudi Arabia,0.999994973,5.02736E-06,Romania,27699318185,15553.00036,
60,90,Russia,36000000,0.102698589,0.103160887,0.104622804,0.10924579,0.123864959,0.170094824,0.143050809,0.106541361,0.102890704,0.102522694,0.102484787,,,21,78,India,40406609,0.141413939,0.106377654,0.102873834,0.102522694,0.102484787,,44.0165,21.0059,Serbia,920852,0.103004109,0.104127026,0.107678003,0.118907179,0.154416951,0.266708708,,Serbia,0.975565877,0.002952687,,France,0.999994948,5.05181E-06,Trinidad and Tobago,27655170154,1180382.012,
-9.19,-75.0152,Peru,3156679,0.102665655,0.103056742,0.104293467,0.108204336,0.120571588,0.159680274,0.112646736,0.103500995,0.102586266,0.10249573,0.102484787,,,51,9,Germany,11208091,0.136102661,0.105846576,0.102820911,0.102518515,0.102484787,,25.3548,51.1839,Qatar,620128,0.102997947,0.104107541,0.107616387,0.11871233,0.153800785,0.26476022,,Qatar,0.974960029,0.001519176,,Germany,0.999994919,5.08071E-06,Paraguay,27639442504,148662.2948,
-30.5595,22.9375,South Africa,3652970,0.102733225,0.103270417,0.104969169,0.110341092,0.127328603,0.18104783,0.117500341,0.103986344,0.102634927,0.102500262,0.102484787,,,52.9399,-73.5491,Canada,5402249,0.131642697,0.105400577,0.102776367,0.102513996,0.102488656,,7.9465,-1.0232,Ghana,439246,0.102963435,0.103998406,0.107271271,0.11762098,0.150349631,0.253846713,,Ghana,0.971104725,0.002674555,,Italy,0.999994911,5.08899E-06,Guyana,27612341817,3417792.031,
4.5709,-74.2973,Colombia,2685355,0.102672125,0.103077202,0.104358168,0.108408936,0.121218592,0.161726279,0.112192721,0.103455586,0.102581895,0.102494264,0.102484787,,,38.9637,35.2433,Turkey,6937088,0.128850592,0.10512137,0.102748438,0.102511027,0.102484787,,30.3753,69.3451,Pakistan,2581695,0.102952841,0.103964905,0.10716533,0.117285963,0.149290217,0.250496552,,Pakistan,0.969739318,0.001065001,,Iran,0.999994871,5.1293E-06,Jamaica,27604010794,488618.4514,
23.6345,-102.5528,Mexico,1334331,0.102676801,0.10309199,0.104404931,0.108556817,0.121686229,0.163205086,0.109498785,0.103186183,0.102554962,0.102492525,0.102484787,,,43,12,Italy,8509618,0.127130806,0.104949382,0.102731182,0.102509256,0.102484787,,15,101,Thailand,749213,0.102932942,0.103901979,0.106966341,0.116656706,0.147300329,0.244203974,,Thailand,0.966895318,0.010352583,,Iraq,0.99999486,5.14023E-06,El Salvador,27585031719,88856.70755,
-35.6751,-71.543,Chile,2365753,0.1028968,0.103787686,0.106604916,0.11551378,0.143686081,0.232774719,0.122524687,0.104488777,0.102685185,0.10250489,0.102484787,,,-14.235,-51.9253,Brazil,14352484,0.126818511,0.104918125,0.102728003,0.102506673,0.102484787,,-35.6751,-71.543,Chile,2365753,0.1028968,0.103787686,0.106604916,0.11551378,0.143686081,0.232774719,,Chile,0.960574859,0.001032625,,Philippines,0.999994793,5.20689E-06,Albania,27562645017,485129.7196,
-38.4161,-63.6167,Argentina,1222359,0.10266561,0.103056601,0.104293021,0.108202925,0.120567128,0.15966617,0.108806781,0.103116988,0.102548005,0.102491488,0.102484787,,,30.3753,69.3451,Pakistan,2581695,0.126266805,0.104862988,0.102722604,0.102508636,0.102487523,,52.9399,-73.5491,Canada,5402249,0.102881493,0.103739283,0.10645185,0.115029742,0.142155418,0.227934335,,Canada,0.957329622,0.001962142,,Argentina,0.999994706,5.29386E-06,Tunisia,27521573268,197249.0863,
32,53,Iran,3184857,0.102768772,0.103382826,0.105324635,0.111465173,0.130883262,0.192288651,0.118511335,0.104087444,0.102645053,0.102500739,0.102484787,,,24,45,Saudi Arabia,5026127,0.124799136,0.104716225,0.10270791,0.102506673,0.102484787,,3.9339,-53.1258,French Guiana,52668,0.102875159,0.10371925,0.106388502,0.114829419,0.141521942,0.225931109,,French Guiana,0.955866046,0.007233991,,Chile,0.999994689,5.31149E-06,R¨¦union,27425238576,774308.6642,
24,45,Saudi Arabia,5026127,0.102799538,0.103480118,0.1056323,0.112438096,0.133959914,0.202017878,0.124799136,0.104716225,0.10270791,0.102506673,0.102484787,,,2.5,112.5,Malaysia,1232927,0.124420172,0.104678326,0.102704142,0.102506715,0.102486721,,21,57,Oman,309212,0.102832712,0.103585023,0.10596404,0.11348715,0.137277312,0.212508412,,Oman,0.94372592,0.002652318,,Mexico,0.999993952,6.04764E-06,USA,27342019518,337.1296106,
30.3753,69.3451,Pakistan,2581695,0.102952841,0.103964905,0.10716533,0.117285963,0.149290217,0.250496552,0.126266805,0.104862988,0.102722604,0.102508636,0.102487523,,,-35.6751,-71.543,Chile,2365753,0.122524687,0.104488777,0.102685185,0.10250489,0.102484787,,26.0275,50.55,Bahrain,1095373,0.102830151,0.103576925,0.105938431,0.113406167,0.137021223,0.211698587,,Bahrain,0.942834264,0.003429713,,Colombia,0.999993599,6.40102E-06,Angola,27319630108,421944.3389,
46.2276,2.2137,France,6175223,0.102652219,0.103014253,0.104159106,0.107779448,0.119227974,0.155431386,0.115642015,0.103800518,0.102616101,0.102500262,0.102484787,,,-33.8688,151.2093,Australia,6164296,0.119333758,0.104169675,0.102653249,0.102502089,0.102484787,,6,12,Cameroon,149000,0.102828763,0.103572533,0.105924542,0.113362248,0.136882338,0.211259395,,Cameroon,0.942341573,0.005694082,,South Africa,0.999993406,6.59436E-06,Sint Maarten,27203061246,11925936.54,
38.9637,35.2433,Turkey,6937088,0.102801344,0.103485829,0.105650361,0.11249521,0.134140524,0.202589018,0.128850592,0.10512137,0.102748438,0.102511027,0.102484787,,,32,53,Iran,3184857,0.118511335,0.104087444,0.102645053,0.102500739,0.102484787,,-18.7669,46.8691,Madagascar,57254,0.102827594,0.103568836,0.105912852,0.11332528,0.136765437,0.210889721,,Madagascar,0.941921786,0.006471632,,Peru,0.99999339,6.61033E-06,Malawi,27086020788,611477.8036,
43,12,Italy,8509618,0.10275196,0.103329661,0.105156512,0.110933523,0.129202036,0.186972147,0.127130806,0.104949382,0.102731182,0.102509256,0.102484787,,,44.0165,21.0059,Serbia,920852,0.118243884,0.104060696,0.102642375,0.102500562,0.102486155,,41.3775,64.5853,Uzbekistan,1377915,0.102818325,0.103539525,0.105820162,0.113032169,0.135838538,0.207958611,,Uzbekistan,0.93842002,0.003980341,,Canada,0.999993049,6.95117E-06,Kenya,27034060612,60652.29137,
51,9,Germany,11208091,0.102802331,0.103488951,0.105660231,0.112526422,0.134239225,0.202901137,0.136102661,0.105846576,0.102820911,0.102518515,0.102484787,,,56.2639,9.5018,Denmark,2400103,0.117664004,0.104002708,0.102636563,0.102500262,0.102484787,,21.0079,10.9408,Mauritania,69937,0.10280952,0.103511682,0.105732114,0.112753738,0.134958061,0.205174294,,Mauritania,0.934782609,0.009973211,,Qatar,0.999993035,6.96543E-06,Slovakia,26991758360,81204.35256,
33,44,Iraq,1567133,0.102674265,0.10308397,0.104379571,0.108476622,0.121432632,0.162403137,0.109985676,0.103234887,0.102559807,0.102492525,0.102484787,,,-30.5595,22.9375,South Africa,3652970,0.117500341,0.103986344,0.102634927,0.102500262,0.102484787,,64,26,Finland,636019,0.102806297,0.103501492,0.10569989,0.112651836,0.134635819,0.204155278,,Finland,0.933367903,0.009494484,,Ukraine,0.999992876,7.1243E-06,Costa Rica,26829089902,183701.7529,
13,122,Philippines,2515352,0.102652264,0.103014396,0.104159559,0.107780881,0.119232508,0.155445731,0.110884319,0.103324749,0.10256884,0.102492525,0.102484787,,,48.0196,66.9237,Kazakhstan,2434444,0.117209996,0.103957309,0.102632058,0.102499771,0.102484787,,51,9,Germany,11208091,0.102802331,0.103488951,0.105660231,0.112526422,0.134239225,0.202901137,,Germany,0.931560597,0.001746787,,Israel,0.999992789,7.21148E-06,Namibia,26809424348,457420.6509,
52.9399,-73.5491,Canada,5402249,0.102881493,0.103739283,0.10645185,0.115029742,0.142155418,0.227934335,0.131642697,0.105400577,0.102776367,0.102513996,0.102488656,,,46.2276,2.2137,France,6175223,0.115642015,0.103800518,0.102616101,0.102500262,0.102484787,,38.9637,35.2433,Turkey,6937088,0.102801344,0.103485829,0.105650361,0.11249521,0.134140524,0.202589018,,Turkey,0.931099011,0.001657915,,Bolivia,0.999992646,7.35431E-06,Greece,26616613567,28589.21202,
25.3548,51.1839,Qatar,620128,0.102997947,0.104107541,0.107616387,0.11871233,0.153800785,0.26476022,0.115263686,0.103762677,0.102612577,0.102497582,0.102486155,,,25.3548,51.1839,Qatar,620128,0.115263686,0.103762677,0.102612577,0.102497582,0.102486155,,24,45,Saudi Arabia,5026127,0.102799538,0.103480118,0.1056323,0.112438096,0.133959914,0.202017878,,Saudi Arabia,0.930241783,0.00152916,,Ecuador,0.999992483,7.51711E-06,Aruba,26563566812,1272872.05,
48.3794,31.1656,Ukraine,1516712,0.102645176,0.102991981,0.104088675,0.107556726,0.118523666,0.153204184,0.108731126,0.103109437,0.102547171,0.102490258,0.102484787,,,41.3775,64.5853,Uzbekistan,1377915,0.114865792,0.103722886,0.102608591,0.102497021,0.102484787,,56.2639,9.5018,Denmark,2400103,0.102794625,0.10346458,0.105583165,0.11228272,0.133468571,0.200464115,,Denmark,0.927824203,0.006806512,,Kazakhstan,0.999992356,7.64351E-06,CAR,26443627763,851866.1092,
-16.2902,-63.5887,Bolivia,239073,0.102645146,0.102991888,0.104088381,0.107555796,0.118520724,0.153194872,0.104964261,0.102732734,0.102509635,0.102487523,0.102484787,,,15,101,Thailand,749213,0.114751588,0.103711468,0.10260746,0.102497098,0.102486155,,48.0196,66.9237,Kazakhstan,2434444,0.10278323,0.103428547,0.105469218,0.111922387,0.132329099,0.19686079,,Kazakhstan,0.921689816,0.002784228,,Egypt,0.999991667,8.33253E-06,Saint Martin,26318367636,9549480.274,
31,35,Israel,2217857,0.102692711,0.1031423,0.104564026,0.109059917,0.123277172,0.168236084,0.112276781,0.103463984,0.102582662,0.102494264,0.102484787,,,26.0275,50.55,Bahrain,1095373,0.113915111,0.103627819,0.102599099,0.102496231,0.102484787,,-40.9006,174.886,New Zealand,750808,0.102779899,0.103418012,0.105435905,0.11181704,0.131995962,0.195807317,,New Zealand,0.919742238,0.022005653,,Dominican Republic,0.99999159,8.40954E-06,Bahamas,26188333790,2372776.46,
-1.8312,-78.1834,Ecuador,326552,0.102748742,0.103319485,0.105124334,0.110831766,0.128880253,0.185954576,0.107254645,0.102961772,0.102532486,0.102489525,0.102484787,,,-9.19,-75.0152,Peru,3156679,0.112646736,0.103500995,0.102586266,0.10249573,0.102484787,,32,53,Iran,3184857,0.102768772,0.103382826,0.105324635,0.111465173,0.130883262,0.192288651,,Iran,0.912656902,0.001594179,,Panama,0.999991385,8.61496E-06,Ethiopia,26061351009,29975.21481,
48.0196,66.9237,Kazakhstan,2434444,0.10278323,0.103428547,0.105469218,0.111922387,0.132329099,0.19686079,0.117209996,0.103957309,0.102632058,0.102499771,0.102484787,,,7.9465,-1.0232,Ghana,439246,0.112516395,0.103487948,0.102585103,0.102494839,0.102485754,,22.3,114.2,Hong Kong,780415,0.102767715,0.103379485,0.10531407,0.111431766,0.130777619,0.19195458,,Hong Kong,0.911933631,0.013820356,,Oman,0.999990967,9.03336E-06,Cyprus,25770669346,89875.94633,
26,30,Egypt,135000,0.102674083,0.103083395,0.104377751,0.108470866,0.121414432,0.162345586,0.104684213,0.10270473,0.102506758,0.102487156,0.102484787,,,31,35,Israel,2217857,0.112276781,0.103463984,0.102582662,0.102494264,0.102484787,,-12.8275,45.1662,Mayotte,13000,0.102763461,0.103366032,0.105271528,0.111297235,0.130352194,0.190609267,,Mayotte,0.908923643,0.016848634,,Kuwait,0.999990907,9.09265E-06,France,25622338372,4149.216696,
18.7357,-70.1627,Dominican Republic,363807,0.10266344,0.103049739,0.104271321,0.108134304,0.120350125,0.158979939,0.105892373,0.102825543,0.102518846,0.102487523,0.102484787,,,4.5709,-74.2973,Colombia,2685355,0.112192721,0.103455586,0.102581895,0.102494264,0.102484787,,29.5,47.75,Kuwait,611639,0.102762152,0.103361891,0.105258433,0.111255826,0.130221248,0.19019518,,Kuwait,0.907964538,0.003340037,,Romania,0.999990778,9.22224E-06,Philippines,25608472704,10180.87039,
8.538,-80.7821,Panama,326597,0.102665131,0.103055085,0.104288227,0.108187766,0.120519186,0.159514572,0.105743963,0.102810703,0.102517387,0.102488138,0.102484787,,,51.9194,19.1451,Poland,2660665,0.111591873,0.103395507,0.102576013,0.102492525,0.102484787,,60.472,8.4689,Norway,686202,0.102756266,0.103343277,0.105199572,0.111069691,0.129632637,0.188333826,,Norway,0.903450275,0.009706341,,Russia,0.999990612,9.38793E-06,Maldives,25340224423,229845.3902,
45.9432,24.9668,Romania,1780963,0.102645819,0.102994016,0.10409511,0.107577076,0.118588012,0.153407666,0.109280583,0.103164386,0.102552685,0.102492525,0.102484787,,,50.8333,4,Belgium,2234172,0.111261925,0.103362499,0.102572671,0.102494264,0.102484787,,9.9456,-9.6966,Guinea,23588,0.10275325,0.103333742,0.105169419,0.11097434,0.129331109,0.187380315,,Guinea,0.90100087,0.010413833,,China,0.999990595,9.40549E-06,Lithuania,24860318426,39165.46555,
30.9756,112.2707,China,90410000,0.103942419,0.107094225,0.11706111,0.148579168,0.248248019,0.563428598,0.540769399,0.146313263,0.106867635,0.10292308,0.102528558,,,36,138,Japan,1440826,0.110989688,0.103335277,0.102569902,0.102493438,0.102484787,,43,12,Italy,8509618,0.10275196,0.103329661,0.105156512,0.110933523,0.129202036,0.186972147,,Italy,0.899922206,0.002085426,,Belgium,0.999989909,1.00913E-05,Turks and Caicos,23635908970,9985597.368,
21,57,Oman,309212,0.102832712,0.103585023,0.10596404,0.11348715,0.137277312,0.212508412,0.108602853,0.103096593,0.102545959,0.102490904,0.102484787,,,6.4238,-66.5897,Venezuela,1734382,0.110891765,0.103325479,0.10256884,0.102494264,0.102484787,,-1.8312,-78.1834,Ecuador,326552,0.102748742,0.103319485,0.105124334,0.110831766,0.128880253,0.185954576,,Ecuador,0.897150486,0.003113255,,Guatemala,0.999989523,1.04773E-05,Senegal,23425170994,162842.1641,
29.5,47.75,Kuwait,611639,0.102762152,0.103361891,0.105258433,0.111255826,0.130221248,0.19019518,0.109344385,0.103170747,0.102553371,0.102491762,0.102484787,,,13,122,Philippines,2515352,0.110884319,0.103324749,0.10256884,0.102492525,0.102484787,,-32.5228,-55.7658,Uruguay,171237,0.102745074,0.103307888,0.10508766,0.110715793,0.128513514,0.18479485,,Uruguay,0.893840105,0.026373499,,Japan,0.999988701,1.1299E-05,Guadeloupe,23355727438,789178.153,
50.8333,4,Belgium,2234172,0.10267048,0.103071999,0.104341714,0.108356903,0.121054048,0.16120596,0.111261925,0.103362499,0.102572671,0.102494264,0.102484787,,,36,128,S. Korea,1924170,0.110831446,0.103319457,0.102568304,0.102492525,0.102484787,,41.2044,74.7661,Kyrgyzstan,267718,0.102741283,0.103295897,0.105049743,0.110595889,0.128134344,0.183595811,,Kyrgyzstan,0.890235611,0.005059302,,Poland,0.999988549,1.14508E-05,Poland,23042336678,8660.367494,
15.7835,-90.2308,Guatemala,240745,0.102717291,0.103220029,0.104809826,0.109837206,0.125735177,0.176008971,0.106092308,0.102845539,0.102520847,0.102488406,0.102484787,,,39.3999,-8.2245,Portugal,1976482,0.110725463,0.103308845,0.102567222,0.102492525,0.102484787,,46.8182,8.2275,Switzerland,1000884,0.102737335,0.103283412,0.105010263,0.110471042,0.127739541,0.182347333,,Switzerland,0.886270363,0.005325047,,Morocco,0.999987632,1.23683E-05,Moldova,23011698758,110673.0733,
36,138,Japan,1440826,0.102708847,0.103193326,0.104725383,0.109570173,0.124890744,0.173338643,0.110989688,0.103335277,0.102569902,0.102493438,0.102484787,,,47.5162,14.5501,Austria,1160743,0.110634737,0.103299782,0.102566309,0.102492994,0.102484787,,-30.5595,22.9375,South Africa,3652970,0.102733225,0.103270417,0.104969169,0.110341092,0.127328603,0.18104783,,South Africa,0.881893619,0.001382848,,Honduras,0.999987235,1.27649E-05,Dominican Republic,22504662223,61858.79387,
51.9194,19.1451,Poland,2660665,0.102661344,0.103043108,0.104250354,0.108068,0.120140459,0.158316917,0.111591873,0.103395507,0.102576013,0.102492525,0.102484787,,,31.7917,-7.0926,Morocco,1890964,0.110608648,0.103297174,0.102565941,0.102492525,0.102484787,,13.1939,-59.5432,Belize,7965,0.102730706,0.10326245,0.104943974,0.110261419,0.127076657,0.180251109,,Austria,0.871019351,0.006914879,,Portugal,0.999986949,1.30509E-05,Lebanon,22434069402,43862.11728,
31.7917,-7.0926,Morocco,1890964,0.102671606,0.10307556,0.104352976,0.108392521,0.121166678,0.161562117,0.110608648,0.103297174,0.102565941,0.102492525,0.102484787,,,64,26,Finland,636019,0.11059309,0.103295618,0.102565872,0.102492994,0.102484787,,47.5162,14.5501,Austria,1160743,0.102724001,0.103241249,0.104876929,0.110049403,0.126406204,0.178130954,,Ireland,0.867164013,0.006911523,,Nigeria,0.999986281,1.37187E-05,Bulgaria,22363913318,55464.26657,
15.2,-86.2419,Honduras,141114,0.102694945,0.103149364,0.104586365,0.109130561,0.123500567,0.168942519,0.104981281,0.102734437,0.102509748,0.102487156,0.102484787,,,-40.9006,174.886,New Zealand,750808,0.110571107,0.103293421,0.102565641,0.102492994,0.102484787,,53.1424,-7.6921,Ireland,824712,0.102721028,0.103231846,0.104847193,0.109955372,0.126108849,0.177190633,,Latvia,0.863400148,0.031281281,,Bahrain,0.999985903,1.40969E-05,Croatia,22237348555,134189.5083,
39.3999,-8.2245,Portugal,1976482,0.102670147,0.103070947,0.104338389,0.10834639,0.121020805,0.161100822,0.110725463,0.103308845,0.102567222,0.102492525,0.102484787,,,46.8182,8.2275,Switzerland,1000884,0.110474571,0.103283765,0.102564686,0.102492994,0.102484787,,56.8796,24.6032,Latvia,248932,0.102718257,0.103223085,0.104819492,0.109867771,0.125831831,0.176314625,,Guatemala,0.862045637,0.004327518,,Ethiopia,0.999985277,1.47228E-05,Panama,22084703178,67620.65536,
9.082,8.6753,Nigeria,398304,0.102679532,0.103100625,0.104432237,0.108643166,0.121959293,0.164068582,0.106371422,0.102873449,0.102523669,0.102488656,0.102484787,,,22.3,114.2,Hong Kong,780415,0.110388647,0.103275172,0.102563815,0.102492763,0.102484787,,-22.3285,24.6849,Botswana,109547,0.102717488,0.103220651,0.104811795,0.109843431,0.125754863,0.176071231,,Cuba,0.854346124,0.019050553,,Ghana,0.999983682,1.63185E-05,Argentina,21967753957,17971.60569,
26.0275,50.55,Bahrain,1095373,0.102830151,0.103576925,0.105938431,0.113406167,0.137021223,0.211698587,0.113915111,0.103627819,0.102599099,0.102496231,0.102484787,,,33,44,Iraq,1567133,0.109985676,0.103234887,0.102559807,0.102492525,0.102484787,,15.7835,-90.2308,Guatemala,240745,0.102717291,0.103220029,0.104809826,0.109837206,0.125735177,0.176008971,,Gabon,0.850331283,0.012970648,,Venezuela,0.999983562,1.64381E-05,Peru,21956919742,6955.702415,
9.145,40.4897,Ethiopia,869430,0.102650803,0.103009775,0.104144943,0.107734662,0.119086355,0.154983538,0.107379941,0.102974301,0.102533725,0.102488656,0.102484787,,,60.472,8.4689,Norway,686202,0.109596291,0.103195937,0.102555915,0.102492025,0.102484787,,22,-80,Cuba,388194,0.10271208,0.103203549,0.104757712,0.109672408,0.125214039,0.174360992,,Japan,0.849205131,0.004685612,,Kyrgyzstan,0.999983247,1.67532E-05,Czechia,21444637831,24064.27478,
7.9465,-1.0232,Ghana,439246,0.102963435,0.103998406,0.107271271,0.11762098,0.150349631,0.253846713,0.112516395,0.103487948,0.102585103,0.102494839,0.102485754,,,23.6345,-102.5528,Mexico,1334331,0.109498785,0.103186183,0.102554962,0.102492525,0.102484787,,-0.8037,11.6094,Gabon,116252,0.102709539,0.103195515,0.104732307,0.109592068,0.124959982,0.173557602,,Slovenia,0.839689004,0.023595586,,Uzbekistan,0.999982503,1.74974E-05,Hungary,21301187976,50973.19384,
6.4238,-66.5897,Venezuela,1734382,0.102686655,0.10312315,0.104503467,0.108868414,0.122671587,0.166321065,0.110891765,0.103325479,0.10256884,0.102494264,0.102484787,,,29.5,47.75,Kuwait,611639,0.109344385,0.103170747,0.102553371,0.102491762,0.102484787,,36,138,Japan,1440826,0.102708847,0.103193326,0.104725383,0.109570173,0.124890744,0.173338643,,Australia,0.832275829,0.007889127,,Switzerland,0.999982062,1.7938E-05,Portugal,20905575689,10577.16472,
41.2044,74.7661,Kyrgyzstan,267718,0.102741283,0.103295897,0.105049743,0.110595889,0.128134344,0.183595811,0.106681591,0.102904467,0.102526747,0.102488891,0.102484787,,,45.9432,24.9668,Romania,1780963,0.109280583,0.103164386,0.102552685,0.102492525,0.102484787,,46.1512,14.9955,Slovenia,157467,0.102703323,0.103175857,0.104670143,0.10939549,0.124338346,0.171591812,,Russia,0.830698704,0.001273874,,Costa Rica,0.999981871,1.81293E-05,Belgium,20830787449,9323.716996,
46.8182,8.2275,Switzerland,1000884,0.102737335,0.103283412,0.105010263,0.110471042,0.127739541,0.182347333,0.110474571,0.103283765,0.102564686,0.102492994,0.102484787,,,53.1424,-7.6921,Ireland,824712,0.109269098,0.103163218,0.10255263,0.102491488,0.102484787,,-33.8688,151.2093,Australia,6164296,0.102699388,0.103163415,0.104630797,0.109271064,0.123944881,0.170347563,,Israel,0.818273083,0.003841947,,Afghanistan,0.999980664,1.93356E-05,Morocco,20580374545,10883.53588,
41.3775,64.5853,Uzbekistan,1377915,0.102818325,0.103539525,0.105820162,0.113032169,0.135838538,0.207958611,0.114865792,0.103722886,0.102608591,0.102497021,0.102484787,,,-38.4161,-63.6167,Argentina,1222359,0.108806781,0.103116988,0.102548005,0.102491488,0.102484787,,14.6415,-61.0242,Martinique,12227,0.102698758,0.103161422,0.104624495,0.109251138,0.123881867,0.170148297,,Brazil,0.806880082,0.000683524,,Moldova,0.999979964,2.00359E-05,Colombia,20466475864,7621.515913,
9.7489,-83.7534,Costa Rica,146047,0.10264841,0.103002209,0.104121018,0.107659003,0.11884709,0.154226956,0.104462171,0.102682525,0.102504609,0.102486721,0.102484787,,,48.3794,31.1656,Ukraine,1516712,0.108731126,0.103109437,0.102547171,0.102490258,0.102484787,,60,90,Russia,36000000,0.102698589,0.103160887,0.104622804,0.10924579,0.123864959,0.170094824,,North Macedonia,0.80411769,0.01133472,,Kenya,0.999978683,2.13174E-05,Eswatini,20372141474,678912.9694,
33,65,Afghanistan,102381,0.102681993,0.103108407,0.104456845,0.108720983,0.122205372,0.164846753,0.104480185,0.102684324,0.10250475,0.102486721,0.102484787,,,21,57,Oman,309212,0.108602853,0.103096593,0.102545959,0.102490904,0.102484787,,15.2,-86.2419,Honduras,141114,0.102694945,0.103149364,0.104586365,0.109130561,0.123500567,0.168942519,,Venezuela,0.803713833,0.006364506,,Serbia,0.999976884,2.31157E-05,Egypt,20045186877,148482.8658,
47.4116,28.3699,Moldova,207925,0.102661461,0.10304348,0.104251529,0.108071716,0.120152209,0.158354085,0.105032359,0.102739545,0.10251023,0.102487523,0.102484787,,,49.8175,15.473,Czechia,891140,0.107948163,0.103031119,0.102539364,0.102490258,0.102484787,,31,35,Israel,2217857,0.102692711,0.1031423,0.104564026,0.109059917,0.123277172,0.168236084,,Equatorial Guinea,0.79950597,0.019198276,,Ireland,0.99997384,2.616E-05,Iraq,20006696307,12766.43164,
-0.0236,37.9062,Kenya,445722,0.102647789,0.103000243,0.104114803,0.10763935,0.118784949,0.154030408,0.105926098,0.10282892,0.102519174,0.102488656,0.102484787,,,31.24,36.51,Jordan,810061,0.107911598,0.103027477,0.102539089,0.102490258,0.102484787,,-14.235,-51.9253,Brazil,14352484,0.102687903,0.103127098,0.104515951,0.108907893,0.122796431,0.166715842,,Afghanistan,0.791023652,0.007089966,,Austria,0.999973164,2.6836E-05,S. Korea,19838697963,10310.26259,
44.0165,21.0059,Serbia,920852,0.103004109,0.104127026,0.107678003,0.118907179,0.154416951,0.266708708,0.118243884,0.104060696,0.102642375,0.102500562,0.102486155,,,39.0742,21.8243,Greece,931002,0.107497195,0.102986025,0.102534933,0.102490258,0.102484787,,41.6086,21.7453,North Macedonia,147002,0.102686812,0.103123647,0.10450504,0.108873387,0.122687313,0.166370784,,Nigeria,0.783708931,0.005993822,,Australia,0.999971908,2.80918E-05,Suriname,19818197811,2385148.371,
53.1424,-7.6921,Ireland,824712,0.102721028,0.103231846,0.104847193,0.109955372,0.126108849,0.177190633,0.109269098,0.103163218,0.10255263,0.102491488,0.102484787,,,9.145,40.4897,Ethiopia,869430,0.107379941,0.102974301,0.102533725,0.102488656,0.102484787,,6.4238,-66.5897,Venezuela,1734382,0.102686655,0.10312315,0.104503467,0.108868414,0.122671587,0.166321065,,India,0.780344385,0.000742259,,El Salvador,0.999971652,2.83479E-05,Jordan,19757111140,24389.65848,
47.5162,14.5501,Austria,1160743,0.102724001,0.103241249,0.104876929,0.110049403,0.126406204,0.178130954,0.110634737,0.103299782,0.102566309,0.102492994,0.102484787,,,-1.8312,-78.1834,Ecuador,326552,0.107254645,0.102961772,0.102532486,0.102489525,0.102484787,,1.5,10,Equatorial Guinea,51944,0.10268505,0.103118075,0.104487421,0.108817671,0.122511125,0.16581363,,Mexico,0.775018801,0.001921056,,Czechia,0.999970289,2.9711E-05,Mexico,19481719332,14600.36478,
-33.8688,151.2093,Australia,6164296,0.102699388,0.103163415,0.104630797,0.109271064,0.123944881,0.170347563,0.119333758,0.104169675,0.102653249,0.102502089,0.102484787,,,22,-80,Cuba,388194,0.10696305,0.102932611,0.102529572,0.102489113,0.102484787,,33,65,Afghanistan,102381,0.102681993,0.103108407,0.104456845,0.108720983,0.122205372,0.164846753,,Jordan,0.770500532,0.032420865,,India,0.999968687,3.13132E-05,India,19151263741,473.9636464,
13.7942,-88.8965,El Salvador,310444,0.102646153,0.10299507,0.104098442,0.107587613,0.118621343,0.153513035,0.105327954,0.102769102,0.102513217,0.102487523,0.102484787,,,55.1694,23.8813,Lithuania,634751,0.106767272,0.102913026,0.10252752,0.102488656,0.102484787,,9.082,8.6753,Nigeria,398304,0.102679532,0.103100625,0.104432237,0.108643166,0.121959293,0.164068582,,Suriname,0.769488037,0.022575255,,Brazil,0.999966459,3.35411E-05,Nigeria,18939224875,47549.6728,
49.8175,15.473,Czechia,891140,0.102667803,0.103063533,0.104314943,0.108272249,0.120786348,0.16035941,0.107948163,0.103031119,0.102539364,0.102490258,0.102484787,,,6,12,Cameroon,149000,0.106683543,0.102904663,0.102526775,0.102489003,0.102484787,,21,78,India,40406609,0.102678451,0.103097206,0.104421427,0.108608979,0.12185118,0.163726707,,S. Korea,0.769147399,0.010118264,,S. Korea,0.999963785,3.62148E-05,Afghanistan,18469512056,180399.8013,
36,128,S. Korea,1924170,0.102675066,0.103086502,0.104387577,0.108501939,0.121512692,0.162656296,0.110831446,0.103319457,0.102568304,0.102492525,0.102484787,,,41.2044,74.7661,Kyrgyzstan,267718,0.106681591,0.102904467,0.102526747,0.102488891,0.102484787,,23.6345,-102.5528,Mexico,1334331,0.102676801,0.10309199,0.104404931,0.108556817,0.121686229,0.163205086,,Iraq,0.766339462,0.00301181,,Cameroon,0.99996255,3.74501E-05,Equatorial Guinea,17909851076,344791.527,
6,12,Cameroon,149000,0.102828763,0.103572533,0.105924542,0.113362248,0.136882338,0.211259395,0.106683543,0.102904663,0.102526775,0.102489003,0.102484787,,,33.8547,35.8623,Lebanon,511468,0.106531502,0.102889458,0.102525272,0.102488656,0.102484787,,31.24,36.51,Jordan,810061,0.102675459,0.103087743,0.104391502,0.108514349,0.121551939,0.162780411,,Egypt,0.765691949,0.004639565,,Denmark,0.999956628,4.33722E-05,Venezuela,17626251217,10162.84257,
56.2639,9.5018,Denmark,2400103,0.102794625,0.10346458,0.105583165,0.11228272,0.133468571,0.200464115,0.117664004,0.104002708,0.102636563,0.102500262,0.102484787,,,9.082,8.6753,Nigeria,398304,0.106371422,0.102873449,0.102523669,0.102488656,0.102484787,,3.9193,-56.0278,Suriname,8309,0.102675164,0.103086813,0.104388561,0.10850505,0.121522529,0.162687412,,Eswatini,0.760126726,0.021466934,,Lebanon,0.999956534,4.34658E-05,North Macedonia,17598824108,119718.2631,
33.8547,35.8623,Lebanon,511468,0.102663721,0.103050627,0.10427413,0.108143186,0.120378213,0.159068755,0.106531502,0.102889458,0.102525272,0.102488656,0.102484787,,,47.1625,19.5033,Hungary,417890,0.106238633,0.102860176,0.102522297,0.102488656,0.102484787,,36,128,S. Korea,1924170,0.102675066,0.103086502,0.104387577,0.108501939,0.121512692,0.162656296,,Colombia,0.758498752,0.001877106,,Paraguay,0.999955075,4.49252E-05,Brazil,17410244897,1213.047504,
42.7339,25.4858,Bulgaria,403213,0.102664002,0.103051514,0.104276934,0.108152054,0.120406258,0.159157448,0.106083448,0.102844654,0.10252077,0.102488656,0.102484787,,,56.8796,24.6032,Latvia,248932,0.106168385,0.102853148,0.102521617,0.102488406,0.102484787,,33,44,Iraq,1567133,0.102674265,0.10308397,0.104379571,0.108476622,0.121432632,0.162403137,,Morocco,0.75651938,0.005907109,,Bulgaria,0.999954977,4.50228E-05,Israel,16614464219,7491.224285,
-23.4425,-58.4438,Paraguay,185921,0.102645994,0.102994567,0.104096853,0.107582587,0.118605448,0.153462792,0.104682885,0.102704598,0.102506758,0.102487523,0.102484787,,,15.7835,-90.2308,Guatemala,240745,0.106092308,0.102845539,0.102520847,0.102488406,0.102484787,,26,30,Egypt,135000,0.102674083,0.103083395,0.104377751,0.108470866,0.121414432,0.162345586,,Portugal,0.750781952,0.006130125,,Madagascar,0.999952041,4.79593E-05,Honduras,16263125535,115248.1365,
-18.7669,46.8691,Madagascar,57254,0.102827594,0.103568836,0.105912852,0.11332528,0.136765437,0.210889721,0.105078679,0.102744176,0.102510727,0.102487391,0.102484787,,,42.7339,25.4858,Bulgaria,403213,0.106083448,0.102844654,0.10252077,0.102488656,0.102484787,,-26.5225,31.4659,Eswatini,30007,0.102672558,0.103078572,0.1043625,0.108422636,0.121261914,0.161863278,,Hungary,0.743620178,0.020523844,,North Macedonia,0.999948892,5.1108E-05,Russia,15713489238,436.4858122,
41.6086,21.7453,North Macedonia,147002,0.102686812,0.103123647,0.10450504,0.108873387,0.122687313,0.166370784,0.10493423,0.102729731,0.102509294,0.102487156,0.102484787,,,-0.0236,37.9062,Kenya,445722,0.105926098,0.10282892,0.102519174,0.102488656,0.102484787,,4.5709,-74.2973,Colombia,2685355,0.102672125,0.103077202,0.104358168,0.108408936,0.121218592,0.161726279,,Czechia,0.740970726,0.009517324,,Senegal,0.999946872,5.31275E-05,Martinique,15688663359,1283116.329,
14.4974,-14.4524,Senegal,143852,0.102659895,0.103038527,0.104235868,0.10802219,0.11999559,0.157858811,0.104585003,0.102694809,0.1025058,0.102486721,0.102484787,,,18.7357,-70.1627,Dominican Republic,363807,0.105892373,0.102825543,0.102518846,0.102487523,0.102484787,,31.7917,-7.0926,Morocco,1890964,0.102671606,0.10307556,0.104352976,0.108392521,0.121166678,0.161562117,,Peru,0.731261501,0.001895944,,USA,0.999946606,5.33936E-05,Australia,15596665332,2530.161649,
60.472,8.4689,Norway,686202,0.102756266,0.103343277,0.105199572,0.111069691,0.129632637,0.188333826,0.109596291,0.103195937,0.102555915,0.102492025,0.102484787,,,-32.5228,-55.7658,Uruguay,171237,0.105890843,0.102825392,0.102518846,0.102488274,0.102484787,,50.8333,4,Belgium,2234172,0.10267048,0.103071999,0.104341714,0.108356903,0.121054048,0.16120596,,Argentina,0.731051755,0.002364604,,Norway,0.999932414,6.75864E-05,Slovenia,15040095558,95512.68239,
39.0742,21.8243,Greece,931002,0.102649062,0.10300427,0.104127536,0.107679615,0.118912277,0.15443307,0.107497195,0.102986025,0.102534933,0.102490258,0.102484787,,,8.538,-80.7821,Panama,326597,0.105743963,0.102810703,0.102517387,0.102488138,0.102484787,,39.3999,-8.2245,Portugal,1976482,0.102670147,0.103070947,0.104338389,0.10834639,0.121020805,0.161100822,,Panama,0.728775433,0.004971458,,Greece,0.999928043,7.19571E-05,Japan,14307639547,9930.164743,
45.1,15.2,Croatia,165716,0.102664511,0.103053124,0.104282027,0.108168157,0.120457183,0.159318494,0.104798387,0.102716152,0.102507919,0.102487523,0.102484787,,,48.669,19.699,Slovakia,332393,0.105458902,0.102782199,0.102514504,0.102487523,0.102484787,,47.1625,19.5033,Hungary,417890,0.102668418,0.103065479,0.104321095,0.108291703,0.120847869,0.160553954,,Croatia,0.725769787,0.01515661,,Croatia,0.999927754,7.22464E-05,Gabon,14219620666,122317.2132,
2.5,112.5,Malaysia,1232927,0.103109494,0.104460285,0.10873186,0.122239766,0.164955516,0.300034579,0.124420172,0.104678326,0.102704142,0.102506715,0.102486721,,,13.7942,-88.8965,El Salvador,310444,0.105327954,0.102769102,0.102513217,0.102487523,0.102484787,,49.8175,15.473,Czechia,891140,0.102667803,0.103063533,0.104314943,0.108272249,0.120786348,0.16035941,,Bulgaria,0.723246995,0.011988195,,Malaysia,0.999923942,7.60575E-05,Cuba,13903518453,35815.90249,
41.1533,20.1683,Albania,56815,0.102646218,0.102995277,0.104099098,0.107589685,0.118627895,0.153533756,0.103701585,0.102606464,0.102496983,0.102486155,0.102484787,,,3.9339,-53.1258,French Guiana,52668,0.10531782,0.10276809,0.102513118,0.102487607,0.102485271,,-9.19,-75.0152,Peru,3156679,0.102665655,0.103056742,0.104293467,0.108204336,0.120571588,0.159680274,,Dominican Republic,0.720407565,0.004944224,,Guinea,0.999923942,7.60575E-05,Guatemala,13287231917,55192.14072,
9.9456,-9.6966,Guinea,23588,0.10275325,0.103333742,0.105169419,0.11097434,0.129331109,0.187380315,0.103788645,0.102615173,0.102497827,0.102486067,0.102484787,,,35.1264,33.4299,Cyprus,286736,0.105311787,0.102767492,0.102513085,0.102487523,0.102484787,,-38.4161,-63.6167,Argentina,1222359,0.10266561,0.103056601,0.104293021,0.108202925,0.120567128,0.15966617,,Moldova,0.709860507,0.008060712,,French Guiana,0.999922478,7.7522E-05,Botswana,13264760126,121087.3883,
3.9339,-53.1258,French Guiana,52668,0.102875159,0.10371925,0.106388502,0.114829419,0.141521942,0.225931109,0.10531782,0.10276809,0.102513118,0.102487607,0.102485271,,,46.1512,14.9955,Slovenia,157467,0.1052271,0.102759019,0.102512212,0.102487523,0.102484787,,8.538,-80.7821,Panama,326597,0.102665131,0.103055085,0.104288227,0.108187766,0.120519186,0.159514572,,Poland,0.709206161,0.005990521,,Albania,0.999922358,7.76423E-05,Latvia,13177443524,52935.91633,
-0.8037,11.6094,Gabon,116252,0.102709539,0.103195515,0.104732307,0.109592068,0.124959982,0.173557602,0.104908068,0.102727115,0.102509025,0.102487156,0.102484787,,,21.0079,10.9408,Mauritania,69937,0.105200473,0.102756356,0.102511938,0.102487523,0.102484787,,45.1,15.2,Croatia,165716,0.102664511,0.103053124,0.104282027,0.108168157,0.120457183,0.159318494,,Senegal,0.700850159,0.013333537,,Gabon,0.999917297,8.27033E-05,Ireland,12870215269,15605.70874,
64,26,Finland,636019,0.102806297,0.103501492,0.10569989,0.112651836,0.134635819,0.204155278,0.11059309,0.103295618,0.102565872,0.102492994,0.102484787,,,-18.7669,46.8691,Madagascar,57254,0.105078679,0.102744176,0.102510727,0.102487391,0.102484787,,42.7339,25.4858,Bulgaria,403213,0.102664002,0.103051514,0.104276934,0.108152054,0.120406258,0.159157448,,Lithuania,0.665819106,0.030037046,,Finland,0.999909398,9.06024E-05,Austria,12552238400,10813.96864,
3.2028,73.2207,Maldives,110249,0.102653148,0.103017192,0.1041684,0.107808839,0.119320912,0.155725303,0.104252572,0.102661568,0.102502464,0.102486721,0.102484787,,,47.4116,28.3699,Moldova,207925,0.105032359,0.102739545,0.10251023,0.102487523,0.102484787,,33.8547,35.8623,Lebanon,511468,0.102663721,0.103050627,0.10427413,0.108143186,0.120378213,0.159068755,,Maldives,0.652317881,0.018317224,,Maldives,0.999907432,9.25677E-05,Belize,11877140697,1491166.44,
-22.9576,18.4904,Namibia,58610,0.10264847,0.103002398,0.104121618,0.1076609,0.11885309,0.154245911,0.103737898,0.1026101,0.102497324,0.102485754,0.102484787,,,15.2,-86.2419,Honduras,141114,0.104981281,0.102734437,0.102509748,0.102487156,0.102484787,,18.7357,-70.1627,Dominican Republic,363807,0.10266344,0.103049739,0.104271321,0.108134304,0.120350125,0.158979939,,Philippines,0.644221599,0.00349444,,Namibia,0.999900834,9.91663E-05,South Africa,11637464739,3185.75426,
21.0079,10.9408,Mauritania,69937,0.10280952,0.103511682,0.105732114,0.112753738,0.134958061,0.205174294,0.105200473,0.102756356,0.102511938,0.102487523,0.102484787,,,-16.2902,-63.5887,Bolivia,239073,0.104964261,0.102732734,0.102509635,0.102487523,0.102484787,,47.4116,28.3699,Moldova,207925,0.102661461,0.10304348,0.104251529,0.108071716,0.120152209,0.158354085,,Cyprus,0.639097744,0.041933508,,Mauritania,0.999898045,0.000101955,Switzerland,11261823004,11251.87634,
47.1625,19.5033,Hungary,417890,0.102668418,0.103065479,0.104321095,0.108291703,0.120847869,0.160553954,0.106238633,0.102860176,0.102522297,0.102488656,0.102484787,,,41.6086,21.7453,North Macedonia,147002,0.10493423,0.102729731,0.102509294,0.102487156,0.102484787,,51.9194,19.1451,Poland,2660665,0.102661344,0.103043108,0.104250354,0.108068,0.120140459,0.158316917,,Slovakia,0.591756367,0.02661071,,Malawi,0.999869507,0.000130493,Kyrgyzstan,10917802738,40780.98125,
-13.254308,34.301525,Malawi,44296,0.102647632,0.102999749,0.104113239,0.107634404,0.118769309,0.153980949,0.103568607,0.102593167,0.102495644,0.102485754,0.102484787,,,-22.3285,24.6849,Botswana,109547,0.104920343,0.102728343,0.102509141,0.102487156,0.102484787,,16.25,-61.5833,Guadeloupe,29595,0.102660155,0.10303935,0.104238469,0.108030416,0.120021604,0.157941079,,Kenya,0.589669496,0.009020386,,Hungary,0.999861793,0.000138207,Uruguay,10602032587,61914.37941,
1.5,10,Equatorial Guinea,51944,0.10268505,0.103118075,0.104487421,0.108817671,0.122511125,0.16581363,0.103928129,0.102629123,0.102499231,0.102486462,0.102484787,,,-0.8037,11.6094,Gabon,116252,0.104908068,0.102727115,0.102509025,0.102487156,0.102484787,,14.4974,-14.4524,Senegal,143852,0.102659895,0.103038527,0.104235868,0.10802219,0.11999559,0.157858811,,Malawi,0.587037729,0.022486595,,Equatorial Guinea,0.999856191,0.000143809,Ecuador,10309470477,31570.68546,
22.3,114.2,Hong Kong,780415,0.102767715,0.103379485,0.10531407,0.111431766,0.130777619,0.19195458,0.110388647,0.103275172,0.102563815,0.102492763,0.102484787,,,45.1,15.2,Croatia,165716,0.104798387,0.102716152,0.102507919,0.102487523,0.102484787,,21.694,-71.7979,Turks and Caicos,2367,0.102659113,0.103036053,0.104228044,0.107997449,0.119917352,0.157611408,,USA,0.572693429,0.000677759,,Hong Kong,0.999851391,0.000148609,Italy,10062630127,1182.500804,
6.6111,20.9394,CAR,31042,0.102649598,0.103005966,0.1041329,0.107696578,0.118965918,0.154602705,0.103403039,0.102576611,0.102493963,0.102485471,0.102484787,,,26,30,Egypt,135000,0.104684213,0.10270473,0.102506758,0.102487156,0.102484787,,55.1694,23.8813,Lithuania,634751,0.102654766,0.103022306,0.104184573,0.107859982,0.119482646,0.156236727,,R¨¦union,0.567375887,0.042013205,,CAR,0.999849405,0.000150595,Guinea,9966103756,422507.3663,
-26.5225,31.4659,Eswatini,30007,0.102672558,0.103078572,0.1043625,0.108422636,0.121261914,0.161863278,0.103513373,0.102587644,0.102495069,0.102485754,0.102484787,,,-23.4425,-58.4438,Paraguay,185921,0.104682885,0.102704598,0.102506758,0.102487523,0.102484787,,3.2028,73.2207,Maldives,110249,0.102653148,0.103017192,0.1041684,0.107808839,0.119320912,0.155725303,,Albania,0.557529987,0.017493482,,Eswatini,0.999841911,0.000158089,Norway,9745948471,14202.73982,
3.9193,-56.0278,Suriname,8309,0.102675164,0.103086813,0.104388561,0.10850505,0.121522529,0.162687412,0.103033556,0.102539664,0.10249028,0.102485379,0.102484787,,,14.4974,-14.4524,Senegal,143852,0.104585003,0.102694809,0.1025058,0.102486721,0.102484787,,13,122,Philippines,2515352,0.102652264,0.103014396,0.104159559,0.107780881,0.119232508,0.155445731,,El Salvador,0.555761408,0.010539816,,Suriname,0.99982028,0.00017972,Kuwait,9336689134,15265.03237,
22,-80,Cuba,388194,0.10271208,0.103203549,0.104757712,0.109672408,0.125214039,0.174360992,0.10696305,0.102932611,0.102529572,0.102489113,0.102484787,,,33,65,Afghanistan,102381,0.104480185,0.102684324,0.10250475,0.102486721,0.102484787,,46.2276,2.2137,France,6175223,0.102652219,0.103014253,0.104159106,0.107779448,0.119227974,0.155431386,,Guyana,0.553524804,0.048963275,,Cuba,0.999817653,0.000182347,Mayotte,9249150964,711473.1511,
48.669,19.699,Slovakia,332393,0.102647916,0.103000647,0.10411608,0.107643388,0.118797712,0.154070795,0.105458902,0.102782199,0.102514504,0.102487523,0.102484787,,,9.7489,-83.7534,Costa Rica,146047,0.104462171,0.102682525,0.102504609,0.102486721,0.102484787,,35.1264,33.4299,Cyprus,286736,0.102651736,0.103012727,0.10415428,0.107764188,0.119179723,0.155278787,,Paraguay,0.551208876,0.013312552,,Slovakia,0.9998166,0.0001834,Hong Kong,8973092387,11497.84715,
34,9,Tunisia,139527,0.102646338,0.102995658,0.104100301,0.107593494,0.118639936,0.153571855,0.104393058,0.102675611,0.102503839,0.102486721,0.102484787,,,34,9,Tunisia,139527,0.104393058,0.102675611,0.102503839,0.102486721,0.102484787,,9.145,40.4897,Ethiopia,869430,0.102650803,0.103009775,0.104144943,0.107734662,0.119086355,0.154983538,,Trinidad and Tobago,0.549815498,0.041205854,,Tunisia,0.999800183,0.000199817,Iran,8906456483,2796.501219,
15,101,Thailand,749213,0.102932942,0.103901979,0.106966341,0.116656706,0.147300329,0.244203974,0.114751588,0.103711468,0.10260746,0.102497098,0.102486155,,,3.2028,73.2207,Maldives,110249,0.104252572,0.102661568,0.102502464,0.102486721,0.102484787,,25.0343,-77.3963,Bahamas,11037,0.1026504,0.1030085,0.104140914,0.107721919,0.119046052,0.154856108,,Bolivia,0.50120935,0.005049119,,Thailand,0.999791662,0.000208338,New Zealand,8247493733,10984.82399,
-12.8275,45.1662,Mayotte,13000,0.102763461,0.103366032,0.105271528,0.111297235,0.130352194,0.190609267,0.103489561,0.102585265,0.102494839,0.102485754,0.102484787,,,1.5,10,Equatorial Guinea,51944,0.103928129,0.102629123,0.102499231,0.102486462,0.102484787,,18.0708,-63.0501,Saint Martin,2756,0.10264999,0.103007205,0.104136817,0.107708966,0.119005091,0.154726571,,Ukraine,0.490348165,0.004938465,,Mayotte,0.999785785,0.000214215,Kazakhstan,8064396092,3312.623372,
55.1694,23.8813,Lithuania,634751,0.102654766,0.103022306,0.104184573,0.107859982,0.119482646,0.156236727,0.106767272,0.102913026,0.10252752,0.102488656,0.102484787,,,-11.2027,17.8739,Angola,64747,0.103789515,0.102615261,0.102497835,0.102486155,0.102484787,,6.6111,20.9394,CAR,31042,0.102649598,0.103005966,0.1041329,0.107696578,0.118965918,0.154602705,,Romania,0.454322308,0.005801538,,Lithuania,0.999746256,0.000253744,Denmark,7482144685,3117.426496,
46.1512,14.9955,Slovenia,157467,0.102703323,0.103175857,0.104670143,0.10939549,0.124338346,0.171591812,0.1052271,0.102759019,0.102512212,0.102487523,0.102484787,,,9.9456,-9.6966,Guinea,23588,0.103788645,0.102615173,0.102497827,0.102486067,0.102484787,,12.5186,-70.0358,Aruba,20869,0.102649226,0.103004788,0.104129175,0.107684799,0.118928669,0.154484899,,Jamaica,0.445783133,0.037199814,,Slovenia,0.999741371,0.000258629,Saudi Arabia,7250367645,1442.535703,
-11.2027,17.8739,Angola,64747,0.102646934,0.102997542,0.104106262,0.107612339,0.118699531,0.153760316,0.103789515,0.102615261,0.102497835,0.102486155,0.102484787,,,-22.9576,18.4904,Namibia,58610,0.103737898,0.1026101,0.102497324,0.102485754,0.102484787,,39.0742,21.8243,Greece,931002,0.102649062,0.10300427,0.104127536,0.107679615,0.118912277,0.15443307,,Tunisia,0.439359268,0.028046591,,Angola,0.999714172,0.000285828,Turkey,7167870324,1033.267896,
25.0343,-77.3963,Bahamas,11037,0.1026504,0.1030085,0.104140914,0.107721919,0.119046052,0.154856108,0.103034985,0.102539808,0.10249028,0.102485271,0.102484787,,,41.1533,20.1683,Albania,56815,0.103701585,0.102606464,0.102496983,0.102486155,0.102484787,,-22.9576,18.4904,Namibia,58610,0.10264847,0.103002398,0.104121618,0.1076609,0.11885309,0.154245911,,Angola,0.42594108,0.033415221,,Bahamas,0.999664948,0.000335052,Germany,7123380485,635.5569815,
18.1096,-77.2975,Jamaica,56494,0.102646097,0.102994894,0.104097888,0.107585858,0.118615792,0.153495498,0.103697233,0.102606033,0.102496906,0.102486155,0.102484787,,,18.1096,-77.2975,Jamaica,56494,0.103697233,0.102606033,0.102496906,0.102486155,0.102484787,,9.7489,-83.7534,Costa Rica,146047,0.10264841,0.103002209,0.104121018,0.107659003,0.11884709,0.154226956,,Sint Maarten,0.419203747,0.079564059,,Jamaica,0.999649301,0.000350699,Finland,6948725615,10925.34282,
12.5186,-70.0358,Aruba,20869,0.102649226,0.103004788,0.104129175,0.107684799,0.118928669,0.154484899,0.103235986,0.102559907,0.102492279,0.102485471,0.102484787,,,-13.254308,34.301525,Malawi,44296,0.103568607,0.102593167,0.102495644,0.102485754,0.102484787,,48.669,19.699,Slovakia,332393,0.102647916,0.103000647,0.10411608,0.107643388,0.118797712,0.154070795,,Costa Rica,0.400626257,0.008264125,,Aruba,0.999644481,0.000355519,Mauritania,6811501609,97394.82118,
31.24,36.51,Jordan,810061,0.102675459,0.103087743,0.104391502,0.108514349,0.121551939,0.162780411,0.107911598,0.103027477,0.102539089,0.102490258,0.102484787,,,-26.5225,31.4659,Eswatini,30007,0.103513373,0.102587644,0.102495069,0.102485754,0.102484787,,-0.0236,37.9062,Kenya,445722,0.102647789,0.103000243,0.104114803,0.10763935,0.118784949,0.154030408,,Namibia,0.399744572,0.019501102,,Jordan,0.999628007,0.000371993,Uzbekistan,6456625943,4685.794075,
-40.9006,174.886,New Zealand,750808,0.102779899,0.103418012,0.105435905,0.11181704,0.131995962,0.195807317,0.110571107,0.103293421,0.102565641,0.102492994,0.102484787,,,-12.8275,45.1662,Mayotte,13000,0.103489561,0.102585265,0.102494839,0.102485754,0.102484787,,-13.254308,34.301525,Malawi,44296,0.102647632,0.102999749,0.104113239,0.107634404,0.118769309,0.153980949,,Greece,0.391478851,0.016548208,,New Zealand,0.999590731,0.000409269,Madagascar,6112190896,106755.7009,
10.6918,-61.2225,Trinidad and Tobago,23429,0.102645948,0.102994422,0.104096395,0.107581138,0.118600864,0.153448302,0.103264862,0.102562796,0.102492585,0.102485754,0.102484787,,,-21.1351,55.2471,R¨¦union,35419,0.103447929,0.102581101,0.102494411,0.102485754,0.102484787,,18.0425,-63.0548,Sint Maarten,2281,0.102647281,0.10299864,0.104109732,0.107623314,0.118734233,0.153870052,,Aruba,0.389312977,0.036742554,,Botswana,0.999570599,0.000429401,Cameroon,6070716599,40743.06443,
-22.3285,24.6849,Botswana,109547,0.102717488,0.103220651,0.104811795,0.109843431,0.125754863,0.176071231,0.104920343,0.102728343,0.102509141,0.102487156,0.102484787,,,16.25,-61.5833,Guadeloupe,29595,0.103438812,0.102580189,0.102494338,0.102485754,0.102484787,,-11.2027,17.8739,Angola,64747,0.102646934,0.102997542,0.104106262,0.107612339,0.118699531,0.153760316,,CAR,0.384565639,0.023868492,,Trinidad and Tobago,0.999570335,0.000429665,Bahrain,6021989178,5497.660776,
-32.5228,-55.7658,Uruguay,171237,0.102745074,0.103307888,0.10508766,0.110715793,0.128513514,0.18479485,0.105890843,0.102825392,0.102518846,0.102488274,0.102484787,,,6.6111,20.9394,CAR,31042,0.103403039,0.102576611,0.102493963,0.102485471,0.102484787,,37.0902,-95.7129,USA,81102397,0.102646868,0.102997332,0.104105598,0.10761024,0.118692891,0.153739312,,Saint Martin,0.379807692,0.111783455,,R¨¦union,0.99954955,0.00045045,Oman,5933666069,19189.63711,
-21.1351,55.2471,R¨¦union,35419,0.102646622,0.102996554,0.104103136,0.107602457,0.118668285,0.153661483,0.103447929,0.102581101,0.102494411,0.102485754,0.102484787,,,10.6918,-61.2225,Trinidad and Tobago,23429,0.103264862,0.102562796,0.102492585,0.102485754,0.102484787,,-21.1351,55.2471,R¨¦union,35419,0.102646622,0.102996554,0.104103136,0.107602457,0.118668285,0.153661483,,Bahamas,0.375059952,0.035418449,,Uruguay,0.999542168,0.000457832,French Guiana,4713447690,89493.57655,
35.1264,33.4299,Cyprus,286736,0.102651736,0.103012727,0.10415428,0.107764188,0.119179723,0.155278787,0.105311787,0.102767492,0.102513085,0.102487523,0.102484787,,,12.5186,-70.0358,Aruba,20869,0.103235986,0.102559907,0.102492279,0.102485471,0.102484787,,34,9,Tunisia,139527,0.102646338,0.102995658,0.104100301,0.107593494,0.118639936,0.153571855,,Ethiopia,0.370591605,0.007301357,,Cyprus,0.999522444,0.000477556,Canada,4564117343,844.8550489,
56.8796,24.6032,Latvia,248932,0.102718257,0.103223085,0.104819492,0.109867771,0.125831831,0.176314625,0.106168385,0.102853148,0.102521617,0.102488406,0.102484787,,,17.0608,-61.7964,Antigua and Barbuda,1875,0.103233638,0.102559672,0.102492276,0.102485537,0.102484873,,41.1533,20.1683,Albania,56815,0.102646218,0.102995277,0.104099098,0.107589685,0.118627895,0.153533756,,France,0.356209285,0.003254348,,Latvia,0.999481299,0.000518701,Chile,4231294857,1788.561552,
5,-58.75,Guyana,8079,0.102646073,0.102994817,0.104097644,0.107585089,0.118613357,0.153487798,0.102943219,0.10253063,0.102489362,0.102485271,0.102484787,,,14.6415,-61.0242,Martinique,12227,0.103232982,0.102559606,0.102492271,0.102485552,0.102484787,,13.7942,-88.8965,El Salvador,310444,0.102646153,0.10299507,0.104098442,0.107587613,0.118621343,0.153513035,,Turks and Caicos,0.303901437,0.069503192,,Guyana,0.999391864,0.000608136,Thailand,3576330914,4773.450159,
16.25,-61.5833,Guadeloupe,29595,0.102660155,0.10303935,0.104238469,0.108030416,0.120021604,0.157941079,0.103438812,0.102580189,0.102494338,0.102485754,0.102484787,,,13.1939,-59.5432,Belize,7965,0.103178827,0.102554191,0.102491728,0.102485512,0.102484787,,18.1096,-77.2975,Jamaica,56494,0.102646097,0.102994894,0.104097888,0.107585858,0.118615792,0.153495498,,Guadeloupe,0.297608503,0.045437888,,Guadeloupe,0.999381085,0.000618915,Pakistan,3278706397,1269.982084,
13.1939,-59.5432,Belize,7965,0.102730706,0.10326245,0.104943974,0.110261419,0.127076657,0.180251109,0.103178827,0.102554191,0.102491728,0.102485512,0.102484787,,,25.0343,-77.3963,Bahamas,11037,0.103034985,0.102539808,0.10249028,0.102485271,0.102484787,,5,-58.75,Guyana,8079,0.102646073,0.102994817,0.104097644,0.107585089,0.118613357,0.153487798,,Lebanon,0.278163772,0.011796227,,Belize,0.99926516,0.00073484,Ghana,3135174417,7137.627702,
14.6415,-61.0242,Martinique,12227,0.102698758,0.103161422,0.104624495,0.109251138,0.123881867,0.170148297,0.103232982,0.102559606,0.102492271,0.102485552,0.102484787,,,3.9193,-56.0278,Suriname,8309,0.103033556,0.102539664,0.10249028,0.102485379,0.102484787,,-23.4425,-58.4438,Paraguay,185921,0.102645994,0.102994567,0.104096853,0.107582587,0.118605448,0.153462792,,Belgium,0.24788702,0.0053032,,Martinique,0.998794557,0.001205443,Qatar,2727655027,4398.535507,
21.694,-71.7979,Turks and Caicos,2367,0.102659113,0.103036053,0.104228044,0.107997449,0.119917352,0.157611408,0.102752988,0.102511607,0.102487469,0.102485083,0.102484787,,,5,-58.75,Guyana,8079,0.102943219,0.10253063,0.102489362,0.102485271,0.102484787,,10.6918,-61.2225,Trinidad and Tobago,23429,0.102645948,0.102994422,0.104096395,0.107581138,0.118600864,0.153448302,,Honduras,0.176824667,0.005342276,,Turks and Caicos,0.99856403,0.00143597,Serbia,2663312726,2892.226684,
18.0425,-63.0548,Sint Maarten,2281,0.102647281,0.10299864,0.104109732,0.107623314,0.118734233,0.153870052,0.102730202,0.102509329,0.102487241,0.102485029,0.102484787,,,18.0708,-63.0501,Saint Martin,2756,0.102759044,0.102512212,0.102487533,0.102485029,0.102484787,,45.9432,24.9668,Romania,1780963,0.102645819,0.102994016,0.10409511,0.107577076,0.118588012,0.153407666,,Martinique,0.168965517,0.051981216,,Sint Maarten,0.998361924,0.001638076,Antigua and Barbuda,2401629605,1280869.123,
18.0708,-63.0501,Saint Martin,2756,0.10264999,0.103007205,0.104136817,0.107708966,0.119005091,0.154726571,0.102759044,0.102512212,0.102487533,0.102485029,0.102484787,,,21.694,-71.7979,Turks and Caicos,2367,0.102752988,0.102511607,0.102487469,0.102485083,0.102484787,,48.3794,31.1656,Ukraine,1516712,0.102645176,0.102991981,0.104088675,0.107556726,0.118523666,0.153204184,,Botswana,0.137676706,0.028555816,,Saint Martin,0.996631386,0.003368614,Malaysia,1840525474,1492.809773,
17.0608,-61.7964,Antigua and Barbuda,1875,0.10303167,0.104214183,0.107953618,0.119778748,0.157173094,0.2754244,0.103233638,0.102559672,0.102492276,0.102485537,0.102484873,,,18.0425,-63.0548,Sint Maarten,2281,0.102730202,0.102509329,0.102487241,0.102485029,0.102484787,,-16.2902,-63.5887,Bolivia,239073,0.102645146,0.102991888,0.104088381,0.107555796,0.118520724,0.153194872,,Belize,0.120925342,0.035357925,,Antigua and Barbuda,0.992266445,0.007733555,China,338063618.3,3.739228164,
,,,,,,,,,,,,,,,,,,,,,0.114021792,,,,,,,,,,,,,,,,,,,,,,,,,,,
