Lat,Long,Country,18 Aug Cases,31 Aug Cases,Deaths,Recovered,Active Cases,Critical cases,8-31/2020Tests,Population,Confidence Interval-1,Confidence Interval-2,Confidence Interval-3,Confidence Interval-4,Confidence Interval-5,Confidence Interval-6,Confidence Interval-7,Confidence Interval-8,Confidence Interval-9,Confidence Interval-10,left-1,right-1,the proportion of the positive tests,,,z a/2,error,clinical deterioration rate,e,A,C,B,n,n1,,A,B,C,x,x1,,Country,FID,8-31testing rates,a,b,c,sqrt(b^2-4ac),confidence,8-31the proportion of the positive tests,positivity rate,case-fatality rate,mortality rates ,closed-case-fatality rate,discharge rate,recovery rates,survivial-case-discharge rate,ICU-case rates,clinical deterioration rate
37.0902,-95.7129,USA,5483388,6139078,186855,3408799,2543424,16025,81102397,331319877,5.87429E-05,2.99488E-05,3.81507E-05,4.02914E-05,4.92933E-05,0.000110361,4.92933E-05,0.000109861,1.15077E-05,1.75724E-05,0.075636652,0.075754138,0.075695395,,,1.6713,0.000165845,0.006300562,5.586487379,4E-10,31.20884124,-0.27980993,699524713.8,8.625203935,,113670448.6,-113670448.6,2618.816782,0.999976961,2.30392E-05,1,USA,134,0.244785787,0.999999,1854466.33,-43909144.36,23.67720731,2.569991414,0.075695395,0.018529157,0.030436981,0.03407656,0.051966902,0.55526237,0.948033098,0.572693429,0.002692271,0.006300562
-14.235,-51.9253,Brazil,3407354,3846965,120498,3006812,719655,8318,14352484,212805498,0.000233834,7.03352E-05,9.19574E-05,9.75056E-05,0.000101611,0.000218113,0.000101611,0.000208394,2.49139E-05,5.64273E-05,0.267800954,0.268268621,0.268034788,,,1.6713,0.000421174,0.011558316,5.586487379,4E-10,31.20884124,-0.510592496,1276481179,88.93799701,,32162748.6,-32162748.6,238.371777,0.999992589,7.41148E-06,2,Brazil,102,0.067444141,0.999999,3340052.776,-18114471.99,5.423400106,1.283427721,0.268034788,0.018077376,0.031322874,0.035364098,0.038530878,0.781606279,0.961469122,0.806880082,0.002232141,0.011558316
21,78,India,2767253,3539712,63657,2712520,763535,8944,40406609,1382196924,8.89516E-05,1.59018E-05,4.18121E-05,4.71682E-05,4.70941E-05,0.000133145,4.70941E-05,0.000130262,1.59392E-05,3.3853E-05,0.087513351,0.087691254,0.087602303,,,1.6713,0.000411603,0.011713936,5.586487379,4E-10,31.20884124,-0.517385579,1293463887,32.01119616,,34123829.13,-34123829.13,264.4048259,0.999992252,7.74845E-06,3,India,145,0.029233612,0.999999,8838058.987,-764187334.7,86.46467055,4.81781851,0.087602303,0.002560932,0.017983666,0.023003679,0.022929734,0.766310932,0.977070266,0.780344385,0.002573032,0.011713936
60,90,Russia,930276,985346,17025,804383,163938,2300,36000000,145944843,5.43871E-05,2.72965E-05,4.34353E-05,4.46792E-05,4.74892E-05,0.000129067,4.74892E-05,0.000125006,1.62262E-05,3.92044E-05,0.027316335,0.027425109,0.027370722,,,1.6713,0.000971091,0.014029694,5.586487379,4E-10,31.20884124,-0.618216862,1545542105,42.93172515,,7326700.544,-7326700.544,41.95947471,0.999994273,5.72696E-06,4,Russia,131,0.246668531,0.999999,310816.5813,-8519958.879,27.40911564,2.757338532,0.027370722,0.006751496,0.017278195,0.01830102,0.020726606,0.81634573,0.979273394,0.830698704,0.002375245,0.014029694
-9.19,-75.0152,Peru,541493,639435,28607,446675,164153,1524,3156679,33045190,0.000452424,0.000155066,0.000232709,0.000251807,0.000267729,0.000516562,0.000267729,0.000499018,5.61572E-05,0.000107959,0.202113311,0.203018158,0.202565734,,,1.6713,0.000791399,0.009284022,5.586487379,4E-10,31.20884124,-0.411068423,1027670982,325.5544772,,7336309.302,-7336309.302,41.98769102,0.999994277,5.7233E-06,5,Peru,120,0.095526126,0.999999,427029.396,-436793.8329,1.022863509,0.615348453,0.202565734,0.01935032,0.044737933,0.052829861,0.06018953,0.698546373,0.93981047,0.731261501,0.002494974,0.009284022
-30.5595,22.9375,South Africa,592144,622551,13981,536694,71876,539,3652970,59428553,0.000393459,0.000106539,0.000155045,0.000158882,0.000164605,0.000360814,0.000164605,0.000337716,3.11282E-05,9.02765E-05,0.170029785,0.170816704,0.170423245,testing rates,"Souch and Cossman, 2020",1.6713,0.001076284,0.007499026,5.586487379,4E-10,31.20884124,-0.332632449,831581027.8,227.645184,,3212274.935,-3212274.935,33.2754656,0.999989641,1.0359E-05,6,South Africa,128,0.061468264,0.999999,672154.3462,-1412701.165,2.10174457,0.837646797,0.170423245,0.010475621,0.022457598,0.023610811,0.025388841,0.862088407,0.974611159,0.881893619,0.000885683,0.007499026
4.5709,-74.2973,Colombia,489122,599914,19064,440574,140276,1493,2685355,50970324,0.00050836,0.000131627,0.000214082,0.000236208,0.000243349,0.000539029,0.000243349,0.000522356,6.17971E-05,0.00012524,0.22289376,0.22391048,0.22340212,the proportion of the positive tests,"Cordes and Castro, 2020",1.6713,0.000916012,0.010643303,5.586487379,4E-10,31.20884124,-0.470606736,1176516774,438.1233668,,6269200.829,-6269200.829,39.08009717,0.999993766,6.2337E-06,7,Colombia,142,0.052684676,0.999999,707440.0137,-1039189.571,1.468940679,0.717088555,0.22340212,0.011769868,0.031777888,0.038975961,0.041476118,0.734395263,0.958523882,0.758498752,0.002570371,0.010643303
23.6345,-102.5528,Mexico,531239,591712,63819,409127,118766,3334,1334331,129151233,0.000860148,0.000116925,0.000537076,0.000562908,0.000591549,0.000799741,0.000591549,0.000722982,0.000137162,0.000285991,0.442592039,0.444312335,0.443452187,positivity rate,"Morrison et al., 2020",1.6713,0.001602244,0.028072007,5.586487379,4E-10,31.20884124,-1.21937241,3048431001,2284.613788,,5307878.081,-5307878.081,36.85125174,0.999993057,6.94279E-06,8,Mexico,136,0.010331539,0.999999,2549981.005,-6672016.394,2.616493822,0.922747455,0.443452187,0.004581544,0.107854835,0.12013237,0.134939295,0.691429276,0.865060705,0.775018801,0.006315674,0.028072007
-35.6751,-71.543,Chile,388855,408009,11181,381183,15645,959,2365753,19142814,0.000491234,0.000187802,0.000212284,0.000217298,0.000216353,0.00032227,0.000216353,0.000253045,6.38452E-05,0.000311911,0.171973516,0.172955985,0.17246475,positive rate,"Wu et al., 2020",1.6713,0.006411697,0.061297539,5.586487379,4E-10,31.20884124,-2.57157861,6428946513,2717.505383,,699204.7604,-699204.7604,31.30678261,0.999955223,4.47768E-05,9,Chile,241,0.12358439,0.999999,218565.2383,-146578.9311,0.670639497,0.517761571,0.17246475,0.021313951,0.027403807,0.028753649,0.028496498,0.93425145,0.971503502,0.960574859,0.002416664,0.061297539
-38.4161,-63.6167,Argentina,305966,401239,8353,287220,105666,2192,1222359,45262921,0.000849448,0.000169562,0.000258275,0.000294785,0.000299774,0.000815875,0.000299774,0.00080212,0.000134742,0.000257829,0.327400272,0.329099169,0.32824972,case-fatality rate,"Raigor et al., 2020",1.6713,0.001465806,0.02074461,5.586487379,4E-10,31.20884124,-0.907883369,2269708389,1856.826341,,4722414.203,-4722414.203,35.67519878,0.999992446,7.5545E-06,10,Argentina,123,0.027005747,0.999999,798442.7839,-819492.807,1.026362527,0.616224907,0.32824972,0.008864629,0.020818016,0.027300419,0.028260362,0.715832708,0.971739638,0.731051755,0.005579227,0.02074461
32,53,Iran,347835,371816,21359,319847,30610,3791,3184857,84165180,0.000359871,7.43227E-05,0.000260774,0.000269047,0.000271475,0.000388598,0.000271475,0.000316412,0.000115927,0.000369165,0.116385088,0.11710483,0.116744959,mortality rates ,"Baud et al., 2020",1.6713,0.00629352,0.123848416,5.586487379,4E-10,31.20884124,-4.849517315,12123793282,3806.699416,,1368019.029,-1368019.029,31.58369848,0.999976912,2.30877E-05,11,Iran,59,0.037840554,0.999999,694295.8983,-2833511.01,4.081104845,1.126914026,0.116744959,0.004417694,0.05744508,0.061405551,0.062598548,0.860229253,0.937401452,0.912656902,0.010817304,0.123848416
24,45,Saudi Arabia,301323,313911,3840,288441,21630,1555,5026127,34900013,0.000215872,8.42252E-05,9.80625E-05,0.000100064,0.00010158,0.000243585,0.00010158,0.000227253,6.30168E-05,0.000230436,0.062239972,0.062671715,0.062455843,closed-case-fatality rate,"Pueyo, 2020",1.6713,0.005871399,0.071890892,5.586487379,4E-10,31.20884124,-2.981959338,7454898335,1483.229201,,966685.7761,-966685.7761,31.39603233,0.999967521,3.24791E-05,12,Saudi Arabia,55,0.144015047,0.999999,163484.5345,-487204.363,2.980070768,0.977884456,0.062455843,0.008994581,0.012232767,0.0127438,0.013138042,0.918862353,0.986861958,0.930241783,0.00501498,0.071890892
30.3753,69.3451,Pakistan,289832,295372,6284,280340,8748,642,2581695,221565832,0.000396211,4.54173E-05,0.000179615,0.000181285,0.000182274,0.000273564,0.000182274,0.000213228,5.85932E-05,0.000324593,0.114013896,0.114806317,0.114410107,discharge rate,"Tian and Hu et al., 2020",1.6713,0.00932198,0.073388203,5.586487379,4E-10,31.20884124,-3.039155261,7597888143,2942.984413,,390964.7328,-390964.7328,31.23947179,0.99992009,7.99099E-05,13,Pakistan,45,0.011652045,0.999999,1795922.839,-19636567.16,10.93390383,1.77928266,0.114410107,0.001333112,0.021274867,0.021681526,0.021924193,0.949108243,0.978075807,0.969739318,0.002220777,0.073388203
46.2276,2.2137,France,242592,272530,30602,86177,155751,387,6175223,65297356,0.000165304,5.18866E-05,0.000254102,0.000267214,0.000353924,0.000374243,0.000353924,0.000385415,3.21639E-05,4.00685E-05,0.043967515,0.044298123,0.044132819,recovery rates,"Khafaie and Rahim, 2020",1.6713,0.00042204,0.002484735,5.586487379,4E-10,31.20884124,-0.110771611,276928745.7,44.84514093,,6960807.967,-6960807.967,40.91253888,0.999994122,5.87759E-06,14,France,23,0.094570797,0.999999,220363.4977,-1705497.88,7.739203645,1.513206097,0.044132819,0.004173676,0.112288555,0.126145957,0.26205054,0.316211059,0.73794946,0.356209285,0.001599649,0.002484735
38.9637,35.2433,Turkey,251805,267064,6284,242812,17968,917,6937088,84485330,0.000146095,4.26256E-05,0.000115102,0.000118451,0.000119077,0.00021819,0.000119077,0.000192332,4.49494E-05,0.00016711,0.038351903,0.038644093,0.038497998,survivial-case-discharge rate,"Bhatraju et al., 2020",1.6713,0.005489099,0.051035174,5.586487379,4E-10,31.20884124,-2.164454799,5411136984,780.0300333,,803024.0419,-803024.0419,31.338021,0.999960973,3.90265E-05,15,Turkey,43,0.082109971,0.999999,250180.6773,-2855108.394,11.41166536,1.815525178,0.038497998,0.00316107,0.02352994,0.024955819,0.025227222,0.909190306,0.974772778,0.931099011,0.003516374,0.051035174
43,12,Italy,254636,266853,35473,208224,23156,79,8509618,60447003,0.000119492,4.5453E-05,0.000232763,0.000237404,0.00024179,0.000283873,0.00024179,0.000205753,1.26663E-05,3.99774E-05,0.031239495,0.031478479,0.031358987,ICU-case rates,"Bhatraju et al., 2020",1.6713,0.001286345,0.003411643,5.586487379,4E-10,31.20884124,-0.151952609,379881317.9,44.64140669,,1034885.614,-1034885.614,31.42337312,0.999969635,3.0365E-05,16,Italy,20,0.140778162,0.999999,146886.7053,-1461536.069,9.949416969,1.702013003,0.031358987,0.004414661,0.132930865,0.13930866,0.145561907,0.780294769,0.854438093,0.899922206,0.00034143,0.003411643
51,9,Germany,228120,242825,9363,217484,15978,245,11208091,83828051,8.69739E-05,3.2106E-05,0.000115023,0.000118519,0.000118837,0.00018264,0.000118837,0.000150842,1.93424E-05,7.34058E-05,0.021578179,0.021752126,0.021665152,clinical deterioration rate,"Felice et al., 2020",1.6713,0.003253429,0.015333584,5.586487379,4E-10,31.20884124,-0.674779066,1686947619,150.511592,,714087.1628,-714087.1628,31.31099554,0.99995615,4.38495E-05,17,Germany,6,0.133703347,0.999999,142140.6781,-2810856.854,19.77242505,2.357362834,0.021665152,0.002896703,0.038558633,0.041044187,0.041274515,0.895640894,0.958725485,0.931560597,0.001049421,0.015333584
33,44,Iraq,184709,227446,6891,169020,51535,579,1567133,40362883,0.000562746,0.000119591,0.000273841,0.000302774,0.000309952,0.000698025,0.000309952,0.000676053,8.17499E-05,0.000168388,0.144572351,0.145697843,0.145135097,,,1.6713,0.001552777,0.011235083,5.586487379,4E-10,31.20884124,-0.496475862,1241189593,792.0129264,,2303197.017,-2303197.017,32.27129889,0.999985988,1.40117E-05,18,Iraq,56,0.038826092,0.999999,400627.1252,-651664.9296,1.626605496,0.749231466,0.145135097,0.005635029,0.030297301,0.037307332,0.039173218,0.743121444,0.960826782,0.766339462,0.002625196,0.011235083
13,122,Philippines,169213,213131,3419,135101,74611,837,2515352,109814383,0.000351179,5.55012E-05,0.000158433,0.000177432,0.000195658,0.000607497,0.000195658,0.000603724,7.95085E-05,0.000132814,0.084380898,0.085083256,0.084732077,,,1.6713,0.001289322,0.011218185,5.586487379,4E-10,31.20884124,-0.495737617,1239343980,492.7119463,,3334507.279,-3334507.279,33.43572849,0.999989973,1.00273E-05,19,Philippines,183,0.022905488,0.999999,681306.4623,-4823679.485,7.079970067,1.451785656,0.084732077,0.00194083,0.016041777,0.020205303,0.024682356,0.63388714,0.975317644,0.644221599,0.003991188,0.011218185
52.9399,-73.5491,Canada,125084,127673,9113,113501,5059,50,5402249,37795794,0.000130711,4.9927E-05,0.000221536,0.000223638,0.000225701,0.000270308,0.000225701,0.000173915,1.76672E-05,8.51214E-05,0.023502595,0.023764016,0.023633305,,,1.6713,0.004678965,0.009883376,5.586487379,4E-10,31.20884124,-0.437341292,1093353160,202.3885163,,226096.3172,-226096.3172,31.21908994,0.999861902,0.000138098,20,Canada,5,0.142932544,0.999999,69768.83508,-571408.8176,8.189068316,1.553628206,0.023633305,0.003377968,0.07137766,0.072855041,0.074322671,0.888997674,0.925677329,0.957329622,0.000421727,0.009883376
25.3548,51.1839,Qatar,115661,118407,196,115251,2960,67,620128,2807805,0.000998224,0.000510433,0.000103245,0.000104461,0.000104558,0.000409075,0.000104558,0.000396826,6.0447E-05,0.000377754,0.189941388,0.191937837,0.190939612,,,1.6713,0.009178088,0.022635135,5.586487379,4E-10,31.20884124,-0.988709307,2471773236,3985.908128,,132288.0211,-132288.0211,31.2123525,0.999764002,0.000235998,21,Qatar,66,0.220858642,0.999999,34700.24166,-3153.507567,0.09087831,0.255355119,0.190939612,0.042170664,0.001655308,0.001694608,0.001697749,0.97334617,0.998302251,0.974960029,0.000566783,0.022635135
48.3794,31.1656,Ukraine,96653,116978,2492,56138,58348,177,1516712,43689434,0.000433262,8.3919E-05,0.00023449,0.000257379,0.000327613,0.00081133,0.000327613,0.000811835,6.38048E-05,8.93084E-05,0.076692785,0.077559308,0.077126046,,,1.6713,0.000762469,0.003033523,5.586487379,4E-10,31.20884124,-0.135162635,337906356.2,222.7887405,,2607682.925,-2607682.925,32.57076727,0.99998751,1.24905E-05,22,Ukraine,14,0.034715762,0.999999,248775.0445,-763506.6573,3.069026637,0.990853834,0.077126046,0.002677489,0.021303151,0.025782956,0.042503838,0.479902204,0.957496162,0.490348165,0.001546041,0.003033523
-16.2902,-63.5887,Bolivia,103019,114409,4846,54914,54649,71,239073,11698467,0.002043317,0.000402529,0.000823814,0.000866036,0.001116576,0.002043559,0.001116576,0.002045193,0.000104093,0.00014734,0.476509259,0.480595893,0.478552576,,,1.6713,0.000517553,0.0012992,5.586487379,4E-10,31.20884124,-0.057988292,144970192.5,606.3846294,,2442367.59,-2442367.59,32.40356864,0.999986733,1.32675E-05,23,Bolivia,118,0.020436267,0.999999,233538.376,-54741.65206,0.234400864,0.34799677,0.478552576,0.009779828,0.042356808,0.047039866,0.081091031,0.479979722,0.918908969,0.50120935,0.000648029,0.0012992
31,35,Israel,96409,113465,906,92104,20455,438,2217857,9197590,0.000295886,0.000148239,0.000119524,0.000129574,0.000131898,0.00052499,0.000131898,0.000517872,8.3611E-05,0.000194402,0.05086386,0.051455631,0.051159746,,,1.6713,0.003385446,0.021412857,5.586487379,4E-10,31.20884124,-0.936489559,2341223865,1055.624355,,914172.7948,-914172.7948,31.37624976,0.999965677,3.43232E-05,24,Israel,54,0.24113458,0.999999,35717.49871,-33838.26472,0.947361054,0.596057172,0.051159746,0.012336384,0.007984841,0.009397463,0.009740888,0.811739303,0.990259112,0.818273083,0.003891293,0.021412857
-1.8312,-78.1834,Ecuador,102941,112906,6537,95429,10940,357,326552,17685670,0.001664593,0.000278748,0.000817399,0.000853499,0.000857292,0.001265934,0.000857292,0.001063135,0.000202419,0.000621836,0.344087385,0.347416571,0.345751978,,,1.6713,0.005682307,0.032632541,5.586487379,4E-10,31.20884124,-1.410818599,3527046477,10800.87238,,488929.3754,-488929.3754,31.25673913,0.999936067,6.3933E-05,25,Ecuador,109,0.018464214,0.999999,320049.8559,-125113.1693,0.390917272,0.419540453,0.345751978,0.006384039,0.05789772,0.063502395,0.064109605,0.845207518,0.935890395,0.897150486,0.003356241,0.032632541
48.0196,66.9237,Kazakhstan,103571,105558,1523,95888,8147,221,2434444,18812777,0.000261066,9.57475E-05,0.000152855,0.000154292,0.000159021,0.000369772,0.000159021,0.000344375,5.90167E-05,0.000208236,0.043099143,0.043621275,0.043360209,,,1.6713,0.006023741,0.02712655,5.586487379,4E-10,31.20884124,-1.179450496,2948626213,1211.211354,,364104.9014,-364104.9014,31.23540889,0.999914206,8.57942E-05,26,Kazakhstan,8,0.129403756,0.999999,62427.71875,-141568.2314,2.267631944,0.866108441,0.043360209,0.005610974,0.014428087,0.014704888,0.015634785,0.908391595,0.984365215,0.921689816,0.002124285,0.02712655
26,30,Egypt,96753,98497,5376,71302,21819,41,135000,102638000,0.002417724,0.000168544,0.001236503,0.001246948,0.001389871,0.002433532,0.001389871,0.002305607,0.000114192,0.000235739,0.727189683,0.732025131,0.729607407,,,1.6713,0.000988215,0.001879096,5.586487379,4E-10,31.20884124,-0.083822568,209556048.3,1552.267024,,975132.5451,-975132.5451,31.3993175,0.999967799,3.22011E-05,27,Egypt,58,0.001315302,0.999999,1619873.466,-4213823.618,2.601324696,0.920366262,0.729607407,0.000959654,0.054580343,0.055564169,0.070111375,0.72390022,0.929888625,0.765691949,0.000440287,0.001879096
18.7357,-70.1627,Dominican Republic,87123,93732,1673,66320,25739,235,363807,10865479,0.001450141,0.000306643,0.000439024,0.000455057,0.00051369,0.001508342,0.00051369,0.001488151,0.000167317,0.000315385,0.256191961,0.259092242,0.257642101,,,1.6713,0.001984441,0.009130114,5.586487379,4E-10,31.20884124,-0.404316652,1010791554,2778.373022,,1150324.789,-1150324.789,31.47389721,0.999972638,2.73616E-05,28,Dominican Republic,180,0.033482831,0.999999,166252.3891,-47223.45356,0.284046281,0.372748441,0.257642101,0.008626587,0.01784876,0.019202736,0.024605474,0.707549183,0.975394526,0.720407565,0.002552711,0.009130114
8.538,-80.7821,Panama,82790,91337,1983,65119,24235,155,326597,4325553,0.00157076,0.000503145,0.000510031,0.000535097,0.000592658,0.001583184,0.000592658,0.001555915,0.000145632,0.000278982,0.278091944,0.281233463,0.279662704,,,1.6713,0.001715324,0.006395709,5.586487379,4E-10,31.20884124,-0.284008238,710020486.4,2173.995739,,1083108.173,-1083108.173,31.44382949,0.999970968,2.9032E-05,29,Panama,91,0.075504103,0.999999,69710.94982,-7484.163502,0.107359776,0.268639968,0.279662704,0.021115682,0.021710807,0.023952168,0.029552025,0.71295313,0.970447975,0.728775433,0.001734673,0.006395709
45.9432,24.9668,Romania,72208,85833,3539,37388,44906,490,1780963,19216003,0.000320979,9.9937E-05,0.00029797,0.000323547,0.00042121,0.000743086,0.00042121,0.000746196,0.000115297,0.000155692,0.047873734,0.048515691,0.048194713,,,1.6713,0.001639764,0.010911682,5.586487379,4E-10,31.20884124,-0.482342564,1205856345,677.0810762,,2006934.418,-2006934.418,32.01556112,0.999984047,1.59527E-05,30,Romania,24,0.092681241,0.999999,70517.32333,-147701.9085,2.094485648,0.836376162,0.048194713,0.004466746,0.041231228,0.04901119,0.086471034,0.435590041,0.913528966,0.454322308,0.005954262,0.010911682
30.9756,112.2707,China,84934,85031,4634,80153,244,5,90410000,1439323776,6.4476E-06,1.61666E-06,4.77466E-05,4.77723E-05,4.78113E-05,4.89131E-05,4.78113E-05,1.15701E-05,1.65872E-06,2.98E-05,0.000934057,0.000946952,0.000940504,,,1.6713,0.032039391,0.020491803,5.586487379,4E-10,31.20884124,-0.897050847,2242627082,24.80507778,,10904.82336,-10904.82336,31.2088656,0.99712983,0.00287017,31,China,46,0.06281422,0.999999,108135.7989,-828661172.9,7185.663511,43.08843462,0.000940504,5.9077E-05,0.054497771,0.054560011,0.054654605,0.942632687,0.945345395,0.996965061,6.21914E-05,0.020491803
21,57,Oman,83418,85005,650,79608,4747,153,309212,5126634,0.001605806,0.00045928,0.000313307,0.00031625,0.000322366,0.000877026,0.000322366,0.000828857,0.000153038,0.000635221,0.273302671,0.276514283,0.274908477,,,1.6713,0.008583472,0.032230883,5.586487379,4E-10,31.20884124,-1.394032075,3485080166,11270.84384,,212152.4447,-212152.4447,31.21786545,0.99985283,0.00014717,32,Oman,247,0.060314819,0.999999,81752.71243,-10512.95047,0.128594313,0.284330879,0.274908477,0.016581055,0.007646609,0.007792083,0.008098881,0.936509617,0.991901119,0.94372592,0.001813763,0.032230883
29.5,47.75,Kuwait,77470,84224,528,75993,7703,92,611639,4280629,0.000881215,0.000355166,0.000201844,0.000210401,0.000211693,0.000759381,0.000211693,0.000739256,8.47394E-05,0.000277803,0.136820927,0.138583356,0.137702141,,,1.6713,0.004151582,0.011943399,5.586487379,4E-10,31.20884124,-0.5273981,1318495190,2155.675473,,344261.6983,-344261.6983,31.23259294,0.999909268,9.07316E-05,33,Kuwait,61,0.14288531,0.999999,40662.46935,-7329.513854,0.180251753,0.317779238,0.137702141,0.019675613,0.006268997,0.006815541,0.006900067,0.902272511,0.993099933,0.907964538,0.001099216,0.011943399
50.8333,4,Belgium,78897,83952,9886,18360,55706,77,2234172,11597901,0.000254456,0.000113428,0.000431281,0.000442977,0.000638207,0.000553099,0.000638207,0.00057775,4.31203E-05,4.97125E-05,0.037321881,0.037830793,0.037576337,,,1.6713,0.000528529,0.001382257,5.586487379,4E-10,31.20884124,-0.061690291,154225222.7,69.03014748,,2489606.928,-2489606.928,32.4502291,0.999986966,1.30344E-05,34,Belgium,10,0.192635892,0.999999,33553.98564,-53804.52304,1.603444449,0.744610482,0.037576337,0.007238551,0.117757766,0.12530261,0.34999646,0.218696398,0.65000354,0.24788702,0.001039613,0.001382257
15.7835,-90.2308,Guatemala,63847,73679,2728,61163,9788,5,240745,17967755,0.001878499,0.000260486,0.00076968,0.00082437,0.000824099,0.001530685,0.000824099,0.001405676,3.42171E-05,9.21042E-05,0.304167317,0.307924315,0.306045816,,,1.6713,0.000814784,0.00051083,5.586487379,4E-10,31.20884124,-0.02281828,57044331.99,236.9491869,,437444.3078,-437444.3078,31.24718509,0.999928564,7.14363E-05,35,Guatemala,76,0.013398725,0.999999,305281.1766,-129136.0879,0.423006457,0.432296889,0.306045816,0.004100624,0.037025475,0.042727145,0.04269772,0.830127988,0.95730228,0.862045637,7.04712E-05,0.00051083
36,138,Japan,57636,66423,1255,55341,9827,230,1440826,126411635,0.000349405,3.81835E-05,0.000226853,0.000243175,0.000245349,0.00062121,0.000245349,0.000596244,9.88106E-05,0.000251904,0.045751234,0.046450045,0.046100639,,,1.6713,0.005104289,0.023404905,5.586487379,4E-10,31.20884124,-1.021527886,2553819685,1772.469185,,439187.2918,-439187.2918,31.24749117,0.999928846,7.11535E-05,36,Japan,170,0.011397891,0.999999,444714.8226,-6391960.585,14.37270288,2.024966924,0.046100639,0.00052545,0.018894058,0.021774585,0.022174712,0.833160201,0.977825288,0.849205131,0.00352934,0.023404905
51.9194,19.1451,Poland,57876,66239,2032,45536,18671,87,2660665,37839707,0.000191039,5.12552E-05,0.000211434,0.000225677,0.000247947,0.000568349,0.000247947,0.000556819,4.51034E-05,8.3502E-05,0.024704617,0.025086695,0.024895656,,,1.6713,0.001672405,0.004659633,5.586487379,4E-10,31.20884124,-0.207277468,518193520.6,194.760904,,834442.4469,-834442.4469,31.34832546,0.999962431,3.75694E-05,37,Poland,9,0.070314102,0.999999,73485.80716,-572737.3703,7.793023732,1.518102828,0.024895656,0.001750516,0.030676792,0.035109545,0.042717793,0.687449992,0.957282207,0.709206161,0.001354992,0.004659633
31.7917,-7.0926,Morocco,44803,60056,1078,44618,14360,31,1890964,36980844,0.000255045,5.85633E-05,0.000193102,0.000222872,0.000220737,0.000635598,0.000220737,0.00062421,3.33357E-05,6.7503E-05,0.031504417,0.032014507,0.031759462,,,1.6713,0.001308894,0.002158774,5.586487379,4E-10,31.20884124,-0.096271446,240678291.2,127.2780926,,641775.6702,-641775.6702,31.29135717,0.99995124,4.87598E-05,38,Morocco,51,0.051133609,0.999999,90973.76058,-547033.1292,6.012689519,1.345932359,0.031759462,0.001623976,0.017949913,0.024060889,0.023590686,0.742939923,0.976409314,0.75651938,0.00052562,0.002158774
15.2,-86.2419,Honduras,51670,58810,1827,10076,46907,45,141114,9929610,0.002624898,0.000408523,0.000923713,0.000983285,0.001919126,0.002006113,0.001919126,0.002031253,0.000149558,0.000164826,0.414130349,0.419380146,0.416755248,,,1.6713,0.000481466,0.000959345,5.586487379,4E-10,31.20884124,-0.04283382,107083820.6,758.846185,,2096362.908,-2096362.908,32.08905272,0.999984693,1.53072E-05,39,Honduras,73,0.014211434,0.999999,193087.0742,-39438.8619,0.204254067,0.3316657,0.416755248,0.00592269,0.031066145,0.035359009,0.153490717,0.171331406,0.846509283,0.176824667,0.000789709,0.000959345
39.3999,-8.2245,Portugal,54448,57448,1818,41766,13864,40,1976482,10191733,0.000238984,0.000106505,0.000249035,0.000255573,0.000284423,0.000633754,0.000284423,0.000615362,3.81332E-05,7.63031E-05,0.0288268,0.029304769,0.029065785,,,1.6713,0.001535606,0.00288517,5.586487379,4E-10,31.20884124,-0.12857171,321429031.1,162.6268446,,619608.4882,-619608.4882,31.28575642,0.999949505,5.04953E-05,40,Portugal,41,0.193929923,0.999999,23009.23533,-41548.56862,1.805592748,0.783886138,0.029065785,0.005636725,0.03164601,0.033389656,0.041712555,0.727022699,0.958287445,0.750781952,0.000719036,0.00288517
9.082,8.6753,Nigeria,49895,53727,1011,41314,11402,7,398304,206928340,0.00108255,5.10567E-05,0.000430603,0.000446504,0.000483894,0.001335727,0.000483894,0.001304728,3.65151E-05,7.84961E-05,0.133806881,0.135971981,0.134889431,,,1.6713,0.000812968,0.000613927,5.586487379,4E-10,31.20884124,-0.027420734,68550695.88,172.1064711,,509577.0328,-509577.0328,31.26086896,0.99993865,6.13505E-05,41,Nigeria,,0.00192484,0.999999,1931779.891,-17127735.16,8.866256774,1.612437135,0.134889431,0.000259641,0.018817354,0.020262551,0.023886592,0.768961602,0.976113408,0.783708931,0.000132787,0.000613927
26.0275,50.55,Bahrain,47581,51391,189,48275,2927,32,1095373,1710407,0.000404089,0.000326226,0.000115674,0.000120198,0.000119103,0.00045606,0.000119103,0.000443644,4.77579E-05,0.000198713,0.046512349,0.047320528,0.046916439,,,1.6713,0.006488948,0.010932696,5.586487379,4E-10,31.20884124,-0.483261178,1208152881,1102.960253,,130813.1885,-130813.1885,31.21227471,0.999761341,0.000238659,42,Bahrain,,0.640416579,0.999999,6118.43868,-1170.196842,0.191251449,0.324251039,0.046916439,0.030046065,0.003677687,0.003972174,0.003899802,0.939366815,0.996100198,0.942834264,0.000624976,0.010932696
9.145,40.4897,Ethiopia,32722,49654,770,18116,30768,329,869430,115403228,0.000497741,4.44823E-05,0.000265025,0.000325138,0.000424179,0.00103254,0.000424179,0.001035922,0.000175372,0.000220611,0.05661324,0.057608721,0.057110981,,,1.6713,0.00196189,0.010692928,5.586487379,4E-10,31.20884124,-0.47277723,1181943009,1359.445854,,1375080.35,-1375080.35,31.58757792,0.999977028,2.2972E-05,43,Ethiopia,,0.007533845,0.999999,497146.1811,-5327162.013,10.71525318,1.762432116,0.057110981,0.000430265,0.015507311,0.023531569,0.040770941,0.364844726,0.959229059,0.370591605,0.006730218,0.010692928
7.9465,-1.0232,Ghana,42993,44118,270,42581,1267,6,439246,31174325,0.00090708,0.000113443,0.000235352,0.000238392,0.000238784,0.000553357,0.000238784,0.000505502,3.52978E-05,0.000207173,0.09953322,0.10134738,0.1004403,,,1.6713,0.006798467,0.004735596,5.586487379,4E-10,31.20884124,-0.210640517,526601143.8,1198.875218,,56624.63608,-56624.63608,31.20948619,0.999448531,0.000551469,44,Ghana,,0.014089992,0.999999,225331.877,-388735.4157,1.725155112,0.768535295,0.1004403,0.001415203,0.006119951,0.006280092,0.006300903,0.965161612,0.993699097,0.971104725,0.000136836,0.004735596
6.4238,-66.5897,Venezuela,35697,43879,366,34972,8541,86,1734382,28422458,0.000238479,5.96238E-05,0.000138118,0.000152983,0.000153751,0.000610839,0.000153751,0.000603189,6.74478E-05,0.000151619,0.025061023,0.02553798,0.025299501,,,1.6713,0.003624593,0.010069079,5.586487379,4E-10,31.20884124,-0.445475092,1113687660,642.1236268,,381713.5097,-381713.5097,31.2380398,0.999918157,8.1843E-05,45,Venezuela,,0.061021534,0.999999,56069.40746,-323134.4475,5.762522836,1.319789824,0.025299501,0.001543814,0.00834112,0.010252962,0.010357123,0.797009959,0.989642877,0.803713833,0.001976421,0.010069079
41.2044,74.7661,Kyrgyzstan,42146,43712,1057,37973,4682,24,267718,6541249,0.001428712,0.000314924,0.000593764,0.000604416,0.000627435,0.00130541,0.000627435,0.001208301,9.16622E-05,0.000276036,0.161847572,0.164704995,0.163276283,,,1.6713,0.003537067,0.005126015,5.586487379,4E-10,31.20884124,-0.227916996,569792352.8,2128.33038,,209247.4713,-209247.4713,31.21762015,0.999850788,0.000149212,46,Kyrgyzstan,,0.040927658,0.999999,71491.47604,-17115.17539,0.239400821,0.350601436,0.163276283,0.006682516,0.024181003,0.025079486,0.027081732,0.868708821,0.972918268,0.890235611,0.000562654,0.005126015
46.8182,8.2275,Switzerland,38449,41722,2005,35200,4517,18,1000884,8664924,0.000399561,0.000138385,0.000427581,0.000444451,0.000451404,0.000725997,0.000451404,0.000634685,4.25489E-05,0.000125945,0.041285589,0.042084711,0.04168515,,,1.6713,0.003191776,0.003984946,5.586487379,4E-10,31.20884124,-0.177385093,443462557.3,443.0708826,,201873.3079,-201873.3079,31.21701265,0.999845339,0.000154661,47,Switzerland,,0.115509842,0.999999,27691.01653,-30032.36317,1.084510096,0.630577153,0.04168515,0.004815045,0.048056181,0.052147,0.053890606,0.843679593,0.946109394,0.886270363,0.000453206,0.003984946
41.3775,64.5853,Uzbekistan,36352,41067,307,38250,2510,133,1377915,33546521,0.000289724,5.95766E-05,0.000146762,0.000155913,0.000151426,0.000430661,0.000151426,0.000409579,9.71668E-05,0.000381668,0.029514001,0.030093449,0.029803725,,,1.6713,0.014970344,0.052988048,5.586487379,4E-10,31.20884124,-2.242653551,5606633865,4068.925779,,112176.6666,-112176.6666,31.21136689,0.999721689,0.000278311,48,Uzbekistan,,0.041074751,0.999999,77599.7135,-450147.6285,5.800459343,1.323790203,0.029803725,0.001224181,0.007475589,0.008445202,0.007962238,0.931404778,0.992037762,0.93842002,0.003263003,0.052988048
9.7489,-83.7534,Costa Rica,29643,39699,418,15737,23544,133,146047,5101650,0.002328343,0.000459857,0.000534177,0.000617061,0.000830859,0.00255993,0.000830859,0.002564506,0.000304007,0.00039223,0.269495111,0.274151797,0.271823454,,,1.6713,0.001636786,0.005648998,5.586487379,4E-10,31.20884124,-0.251038258,627595521.1,4297.216109,,1052226.071,-1052226.071,31.43062183,0.999970129,2.98715E-05,49,Costa Rica,,0.028627405,0.999999,80783.59269,-10410.73309,0.12887167,0.284526879,0.271823454,0.0077816,0.010529232,0.014101137,0.025874342,0.39640797,0.974125658,0.400626257,0.003385861,0.005648998
33,65,Afghanistan,37599,38143,1402,29063,7678,31,102381,39064675,0.003022084,0.000195221,0.001176135,0.001184286,0.001309681,0.002662078,0.001309681,0.002541357,0.000181487,0.00039637,0.369537278,0.375581445,0.372559362,,,1.6713,0.002445329,0.00403751,5.586487379,4E-10,31.20884124,-0.179715432,449288407.3,4388.396355,,343144.4008,-343144.4008,31.23243907,0.999908973,9.10266E-05,50,Afghanistan,,0.002620808,0.999999,730535.623,-610419.5331,0.835577097,0.566023866,0.372559362,0.000976406,0.036756417,0.037288226,0.046020023,0.761948457,0.953979977,0.791023652,0.000843744,0.00403751
47.4116,28.3699,Moldova,30789,36404,990,25139,10275,575,207925,4032396,0.001666879,0.00041486,0.000713401,0.00077375,0.000837426,0.002027534,0.000837426,0.001990525,0.000554331,0.001008128,0.173415482,0.176749241,0.175082361,,,1.6713,0.007582154,0.055961071,5.586487379,4E-10,31.20884124,-2.361047511,5902618765,28388.21097,,459209.2626,-459209.2626,31.25109445,0.999931941,6.80588E-05,51,Moldova,,0.051563636,0.999999,46591.28024,-6504.087,0.139598386,0.29195166,0.175082361,0.009027883,0.027194814,0.032154341,0.037888936,0.690555983,0.962111064,0.709860507,0.016236517,0.055961071
-0.0236,37.9062,Kenya,30636,33794,572,19590,13632,44,445722,53955764,0.000792985,7.49486E-05,0.000386429,0.000405497,0.000497371,0.001478705,0.000497371,0.001473566,0.000108949,0.000169919,0.075025575,0.076611544,0.07581856,,,1.6713,0.001636403,0.0032277,5.586487379,4E-10,31.20884124,-0.143786417,359465825.8,806.4798816,,609239.9677,-609239.9677,31.28320427,0.999948649,5.13506E-05,52,Kenya,,0.008260878,0.999999,302452.7282,-1164489.788,3.850105672,1.097499297,0.07581856,0.000626328,0.016926082,0.018670845,0.028370201,0.579688702,0.971629799,0.589669496,0.001324424,0.0032277
44.0165,21.0059,Serbia,29890,31282,710,29825,747,40,920852,8731464,0.000377557,0.000124526,0.000310407,0.000317381,0.000314092,0.000439198,0.000314092,0.000321782,7.53389E-05,0.000469196,0.033593157,0.034348271,0.033970714,,,1.6713,0.0276816,0.053547523,5.586487379,4E-10,31.20884124,-2.264993761,5662484389,6149.179661,,33384.84858,-33384.84858,31.20906611,0.999064297,0.000935703,53,Serbia,,0.105463643,0.999999,22922.68077,-30495.38543,1.330281396,0.687362198,0.033970714,0.003582675,0.022696759,0.023753764,0.023252006,0.953423694,0.976747994,0.975565877,0.001308387,0.053547523
53.1424,-7.6921,Ireland,27499,28720,1777,23364,3579,5,824712,4946665,0.00040376,0.000167321,0.000530593,0.00054145,0.000564435,0.000857805,0.000564435,0.000747459,2.99986E-05,8.22583E-05,0.034420518,0.035228038,0.034824278,,,1.6713,0.002226336,0.001397038,5.586487379,4E-10,31.20884124,-0.062349066,155872163.4,189.0019345,,159952.3066,-159952.3066,31.21397293,0.999804816,0.000195184,54,Ireland,,0.166720811,0.999999,13301.00747,-9787.797849,0.735828202,0.537476821,0.034824278,0.005805932,0.061873259,0.064620532,0.070681357,0.813509749,0.929318643,0.867164013,0.000185577,0.001397038
47.5162,14.5501,Austria,23829,26985,733,22866,3386,30,1160743,9014800,0.000279735,0.000101413,0.000301768,0.000320536,0.000322044,0.000667622,0.000322044,0.000622212,6.27182E-05,0.000173959,0.022968305,0.023527776,0.02324804,,,1.6713,0.00544137,0.008860012,5.586487379,4E-10,31.20884124,-0.392462446,981156034.6,845.2827496,,151326.7701,-151326.7701,31.21343481,0.999793692,0.000206308,55,Austria,,0.128759706,0.999999,16375.97477,-32506.64762,1.984780065,0.816897681,0.02324804,0.002993411,0.027163239,0.030760838,0.031060638,0.847359644,0.968939362,0.871019351,0.00114277,0.008860012
-33.8688,151.2093,Australia,23989,25670,611,20856,4203,31,6164296,25547450,5.18744E-05,2.55217E-05,0.000122791,0.000126911,0.000133953,0.000314435,0.000133953,0.000300968,2.83151E-05,6.89258E-05,0.004112429,0.004216178,0.004164304,,,1.6713,0.004458436,0.007375684,5.586487379,4E-10,31.20884124,-0.327202053,818005036.5,132.7004797,,187840.0516,-187840.0516,31.21591672,0.999833789,0.000166211,56,Australia,,0.241288113,0.999999,8474.522801,-261068.8806,30.69514306,2.911977567,0.004164304,0.001004797,0.023802104,0.025470007,0.028462291,0.812465914,0.971537709,0.832275829,0.00123708,0.007375684
13.7942,-88.8965,El Salvador,23462,25537,708,13799,11030,275,310444,6491566,0.000986262,0.000224695,0.000589339,0.000614072,0.000773396,0.001788916,0.000773396,0.001783575,0.000375671,0.000559674,0.08127334,0.083245864,0.082259602,,,1.6713,0.00496761,0.024932004,5.586487379,4E-10,31.20884124,-1.086477887,2716194690,8749.386975,,492951.6464,-492951.6464,31.25753025,0.999936587,6.34129E-05,57,El Salvador,,0.047822667,0.999999,39205.14303,-16856.17165,0.429943255,0.434990154,0.082259602,0.003933874,0.027724478,0.030176456,0.048804026,0.540353213,0.951195974,0.555761408,0.011075758,0.024932004
49.8175,15.473,Czechia,20483,24094,421,17541,6132,32,891140,10712264,0.000343627,0.000100365,0.000277598,0.000300602,0.000320532,0.000942748,0.000320532,0.00092818,7.78416E-05,0.000152649,0.026693651,0.027380905,0.027037278,,,1.6713,0.003107673,0.005218526,5.586487379,4E-10,31.20884124,-0.232008729,580021689.2,650.8760567,,274050.7249,-274050.7249,31.22389551,0.999886052,0.000113948,58,Czechia,,0.083188764,0.999999,22543.54283,-45901.04,2.03592201,0.826043301,0.027037278,0.002249198,0.01747323,0.02055363,0.02343837,0.728023574,0.97656163,0.740970726,0.001351751,0.005218526
36,128,S. Korea,16058,19699,323,14903,4473,70,1924170,51276496,0.000145136,2.82545E-05,0.000183104,0.000202419,0.000207759,0.000618786,0.000207759,0.000607548,8.65046E-05,0.00017895,0.010092525,0.010382797,0.010237661,,,1.6713,0.006230572,0.015649452,5.586487379,4E-10,31.20884124,-0.688458453,1721146088,894.4875388,,199906.8644,-199906.8644,31.21685433,0.999843819,0.000156181,59,S. Korea,,0.03752538,0.999999,41564.11731,-1051711.617,25.28796962,2.652542855,0.010237661,0.000384172,0.016396771,0.020114585,0.021213713,0.756535865,0.978786287,0.769147399,0.003612717,0.015649452
6,12,Cameroon,18599,19142,411,17651,1080,30,149000,26647839,0.001733724,0.000138818,0.000751022,0.000761662,0.000772642,0.001388591,0.000772642,0.001207741,0.000207191,0.000851471,0.126736074,0.130203523,0.128469799,,,1.6713,0.01687019,0.027777778,5.586487379,4E-10,31.20884124,-1.206957148,3017392844,20250.95868,,48267.25096,-48267.25096,31.20931021,0.999352987,0.000647013,60,Cameroon,,0.005591448,0.999999,238689.6174,-284042.9293,1.190003639,0.65566576,0.128469799,0.000718332,0.021471111,0.022097962,0.022754955,0.922108453,0.977245045,0.942341573,0.001601623,0.027777778
56.2639,9.5018,Denmark,16246,16779,624,14989,1166,4,2400103,5795557,0.000107562,6.93619E-05,0.000244284,0.000248101,0.000252876,0.000398531,0.000252876,0.000334075,2.03113E-05,7.54831E-05,0.006883388,0.007098512,0.00699095,,,1.6713,0.006189883,0.003430532,5.586487379,4E-10,31.20884124,-0.152791017,381977337.9,159.1503939,,52110.75428,-52110.75428,31.20938767,0.999400736,0.000599264,61,Denmark,,0.414128098,0.999999,3218.424224,-13435.39238,4.169124349,1.137902318,0.00699095,0.002895149,0.037189344,0.038409455,0.039966694,0.89331903,0.960033306,0.927824203,0.000247601,0.003430532
33.8547,35.8623,Lebanon,9758,16275,155,4484,11636,91,511468,6820309,0.000490852,0.000136446,0.000271612,0.000349647,0.000502569,0.00124942,0.000502569,0.001253115,0.000209522,0.00024634,0.031329321,0.032311024,0.031820173,,,1.6713,0.002739462,0.007820557,5.586487379,4E-10,31.20884124,-0.346782131,866955236.7,1695.033192,,520034.9372,-520034.9372,31.26302584,0.999939879,6.01208E-05,62,Lebanon,,0.07499191,0.999999,16809.14213,-18606.64594,1.106863197,0.635991715,0.031820173,0.002386256,0.00952381,0.015884403,0.033412373,0.275514593,0.966587627,0.278163772,0.005645161,0.007820557
42.7339,25.4858,Bulgaria,14669,16164,605,11253,4306,61,403213,6939586,0.000617854,0.000151832,0.000597837,0.000626318,0.000693049,0.00144855,0.000693049,0.001409136,0.000196827,0.000372214,0.039470139,0.040705848,0.040087993,,,1.6713,0.006050657,0.01416628,5.586487379,4E-10,31.20884124,-0.62414901,1560372475,3869.846645,,192443.3172,-192443.3172,31.21626752,0.999837763,0.000162237,63,Bulgaria,,0.058103322,0.999999,21363.06914,-19263.14154,0.90166485,0.584006261,0.040087993,0.002329246,0.037428854,0.041243439,0.051020408,0.696176689,0.948979592,0.723246995,0.00392056,0.01416628
-23.4425,-58.4438,Paraguay,10606,15873,280,8595,6998,76,185921,7146595,0.001296146,0.000218355,0.000610593,0.000743636,0.000810775,0.002311197,0.000810775,0.002306998,0.000323034,0.000480746,0.084078826,0.086671117,0.085374971,,,1.6713,0.00415892,0.010860246,5.586487379,4E-10,31.20884124,-0.480093823,1200234492,6455.615512,,312753.9095,-312753.9095,31.22844568,0.99990014,9.98599E-05,64,Paraguay,,0.026015326,0.999999,44643.68434,-20429.52804,0.457608258,0.445521037,0.085374971,0.002221058,0.017640018,0.026400151,0.031549296,0.541485541,0.968450704,0.551208876,0.004873982,0.010860246
-18.7669,46.8691,Madagascar,14009,14791,190,13753,848,49,57254,27800589,0.00365872,0.000192747,0.000941242,0.000966805,0.000969059,0.002135162,0.000969059,0.001954992,0.000483401,0.001950323,0.254681309,0.261998748,0.258340029,,,1.6713,0.026896371,0.057783019,5.586487379,4E-10,31.20884124,-2.433212077,6083030181,106246.379,,37898.73038,-37898.73038,31.20913078,0.999175833,0.000824167,65,Madagascar,,0.002059453,0.999999,426127.3353,-309149.0995,0.725484022,0.534408468,0.258340029,0.000532039,0.012845649,0.01356271,0.01362691,0.929822189,0.98637309,0.941921786,0.003355935,0.057783019
41.6086,21.7453,North Macedonia,12970,14293,596,11014,2683,3,147002,2083360,0.001545463,0.000430581,0.001042755,0.001092215,0.001151154,0.002193258,0.001151154,0.002070271,7.71916E-05,0.000174332,0.095684507,0.098775432,0.09722997,,,1.6713,0.002392305,0.001118151,5.586487379,4E-10,31.20884124,-0.049916427,124790442.8,848.9030272,,119908.3651,-119908.3651,31.21172663,0.999739636,0.000260364,66,North Macedonia,,0.070560057,0.999999,14629.4877,-1736.155556,0.118674113,0.27717601,0.09722997,0.006860552,0.041698734,0.045952197,0.051335056,0.770587001,0.948664944,0.80411769,0.000219026,0.001118151
14.4974,-14.4524,Senegal,12305,13456,282,9233,3941,42,143852,16811700,0.001535493,0.000149125,0.000755337,0.000789083,0.000894254,0.002447031,0.000894254,0.002414518,0.000297267,0.000541462,0.092005091,0.095076076,0.093540583,,,1.6713,0.005509184,0.010657194,5.586487379,4E-10,31.20884124,-0.471214301,1178035687,8189.220081,,176130.7741,-176130.7741,31.21506264,0.999822742,0.000177258,67,Senegal,,0.00855666,0.999999,114037.4498,-113053.3028,0.991361348,0.6073891,0.093540583,0.000800395,0.020957194,0.022917513,0.029637415,0.686162307,0.970362585,0.700850159,0.003188098,0.010657194
60.472,8.4689,Norway,10111,10611,264,9348,999,1,686202,5428131,0.000297901,0.000106643,0.00037606,0.000385003,0.000394595,0.000781824,0.000394595,0.00071307,2.37343E-05,7.63491E-05,0.015165475,0.015761278,0.015463377,,,1.6713,0.004346972,0.001001001,5.586487379,4E-10,31.20884124,-0.044691852,111728931.7,162.8222182,,44647.20714,-44647.20714,31.20924267,0.999300492,0.000699508,68,Norway,,0.126415888,0.999999,6610.925372,-11785.84246,1.782302053,0.779477109,0.015463377,0.001954816,0.024879842,0.026110177,0.027465668,0.880972576,0.972534332,0.903450275,9.66464E-05,0.001001001
39.0742,21.8243,Greece,7472,9977,260,3804,5913,36,931002,10414489,0.000213422,6.41251E-05,0.000330223,0.000379868,0.000507234,0.001006754,0.000507234,0.001011689,0.000125931,0.000161241,0.010502989,0.010929833,0.010716411,,,1.6713,0.003412665,0.00608828,5.586487379,4E-10,31.20884124,-0.270440194,676100369.8,726.2072152,,264263.199,-264263.199,31.22283988,0.999881835,0.000118165,69,Greece,,0.089394881,0.999999,8832.3777,-43384.63245,4.909270528,1.226058505,0.010716411,0.000957992,0.026059938,0.034796574,0.063976378,0.381276937,0.936023622,0.391478851,0.003704847,0.00608828
45.1,15.2,Croatia,6855,9861,183,7024,2654,12,165716,4100994,0.001162266,0.000240626,0.00066305,0.000791945,0.000772881,0.002224078,0.000772881,0.002191827,0.000172893,0.000329614,0.058343153,0.060667685,0.059505419,,,1.6713,0.00447373,0.004521477,5.586487379,4E-10,31.20884124,-0.201159722,502899149.5,3034.704854,,118612.3,-118612.3,31.21166466,0.999736791,0.000263209,70,Croatia,,0.04040874,0.999999,18360.65014,-6727.260715,0.36638825,0.409432116,0.059505419,0.002404539,0.018557956,0.026695842,0.02539198,0.712300984,0.97460802,0.725769787,0.001239926,0.004521477
2.5,112.5,Malaysia,9219,9317,125,9038,154,8,1232927,32432431,0.000155985,3.05244E-05,0.000207227,0.00020831,0.000208937,0.00030699,0.000208937,0.000231179,5.31144E-05,0.000399726,0.007400829,0.007712799,0.007556814,,,1.6713,0.061354119,0.051948052,5.586487379,4E-10,31.20884124,-2.201051527,5502628805,4463.06132,,6882.552451,-6882.552451,31.20885107,0.995444762,0.004555238,71,Malaysia,,0.038015251,0.999999,19457.40511,-420745.0322,21.59992422,2.459265651,0.007556814,0.000287274,0.013416336,0.013558954,0.01364182,0.970054739,0.98635818,0.983246301,0.000870322,0.051948052
41.1533,20.1683,Albania,7654,9279,275,5020,3984,19,56815,2877274,0.00310171,0.00047573,0.001422936,0.001561633,0.001861892,0.004181257,0.001861892,0.004167526,0.000385037,0.000578071,0.160217836,0.166421256,0.163319546,,,1.6713,0.003712564,0.004769076,5.586487379,4E-10,31.20884124,-0.212122598,530306347.9,9333.914421,,178052.5258,-178052.5258,31.21519905,0.999824655,0.000175345,72,Albania,,0.019746121,0.999999,31453.38612,-3311.482268,0.105281866,0.267024175,0.163319546,0.003224927,0.029636814,0.035928926,0.051935788,0.541006574,0.948064212,0.557529987,0.002110173,0.004769076
9.9456,-9.6966,Guinea,8715,9251,59,8282,910,24,23588,13187372,0.00635808,0.000344791,0.001036659,0.001067852,0.001091363,0.00398781,0.001091363,0.003889304,0.000664548,0.002086771,0.385832864,0.398549025,0.392190945,,,1.6713,0.017964206,0.026373626,5.586487379,4E-10,31.20884124,-1.147601183,2869002929,121629.7664,,40669.62812,-40669.62812,31.20917451,0.999232027,0.000767973,73,Guinea,,0.001788681,0.999999,251484.9855,-69562.71211,0.27660751,0.36918605,0.392190945,0.000701504,0.006377689,0.006769937,0.007073492,0.895254567,0.992926508,0.90100087,0.002610966,0.026373626
3.9339,-53.1258,French Guiana,8657,9076,58,8620,398,13,52668,299873,0.003291278,0.00149302,0.000694441,0.000710937,0.000710082,0.001903716,0.000710082,0.00178997,0.000330647,0.001549101,0.169033474,0.175616029,0.172324751,,,1.6713,0.03038504,0.032663317,5.586487379,4E-10,31.20884124,-1.412104204,3530260488,67028.56551,,17787.37582,-17787.37582,31.20890549,0.998242357,0.001757643,74,French Guiana,,0.175634352,0.999999,3421.633248,-35.96952645,0.010512353,0.154477569,0.172324751,0.030266146,0.00639048,0.006699781,0.006683568,0.949757602,0.993316432,0.955866046,0.001441561,0.032663317
-0.8037,11.6094,Gabon,8270,8505,53,7187,1265,2,116252,2233873,0.001527464,0.000361253,0.00046161,0.000468081,0.00050004,0.002122701,0.00050004,0.002092624,9.02226E-05,0.000233055,0.071632568,0.074687496,0.073160032,,,1.6713,0.0043284,0.001581028,5.586487379,4E-10,31.20884124,-0.070547413,176368089.2,1517.118753,,56535.25228,-56535.25228,31.20948416,0.999447659,0.000552341,75,Gabon,,0.052040559,0.999999,12117.80339,-1996.075432,0.164720307,0.308294876,0.073160032,0.003807289,0.006231628,0.006408706,0.007320442,0.845032334,0.992679558,0.850331283,0.00023663,0.001581028
64,26,Finland,7776,8049,335,7200,514,1,636019,5542144,0.000280327,9.55018E-05,0.000500859,0.000509187,0.000516893,0.000770324,0.000516893,0.000625408,2.85514E-05,0.000110507,0.012374955,0.01293561,0.012655282,,,1.6713,0.008424173,0.001945525,5.586487379,4E-10,31.20884124,-0.086780056,216949779.8,341.1058157,,22971.6361,-22971.6361,31.20894807,0.998639563,0.001360437,76,Finland,,0.114760461,0.999999,5539.761384,-12286.14405,2.21692388,0.857522214,0.012655282,0.001452326,0.041620077,0.043081276,0.04445919,0.894521059,0.95554081,0.933367903,0.000129634,0.001945525
3.2028,73.2207,Maldives,6079,7578,28,4925,2625,12,110249,542047,0.001523952,0.000707207,0.000365462,0.000407854,0.000451605,0.002873173,0.000451605,0.00286857,0.000239948,0.000406327,0.067211366,0.070259269,0.068735317,,,1.6713,0.004522995,0.004571429,5.586487379,4E-10,31.20884124,-0.203371852,508429477.7,4611.647069,,117316.235,-117316.235,31.21160336,0.999733882,0.000266118,77,Maldives,,0.203393802,0.999999,2775.726137,-117.5259801,0.042339979,0.20682901,0.068735317,0.013980337,0.003694906,0.004606021,0.00565314,0.649907627,0.99434686,0.652317881,0.001589404,0.004571429
-22.9576,18.4904,Namibia,4464,7116,69,2817,4230,16,58610,2548160,0.002698189,0.000435959,0.000809541,0.001019125,0.001262029,0.004040071,0.001262029,0.004046757,0.000393199,0.000507125,0.118714539,0.124110917,0.121412728,,,1.6713,0.003221107,0.003782506,5.586487379,4E-10,31.20884124,-0.168407947,421019683,7183.410391,,189046.7329,-189046.7329,31.21600785,0.999834849,0.000165151,78,Namibia,,0.02300091,0.999999,21745.21824,-2597.247754,0.119439293,0.277738287,0.121412728,0.002792603,0.009696459,0.015456989,0.023908524,0.395868465,0.976091476,0.399744572,0.00227047,0.003782506
21.0079,10.9408,Mauritania,6789,7012,158,6407,447,3,69937,4668434,0.00227146,0.000292879,0.001122376,0.001140228,0.001159046,0.002123453,0.001159046,0.001867311,0.000158188,0.000617482,0.097990204,0.102533124,0.100261664,,,1.6713,0.014252393,0.006711409,5.586487379,4E-10,31.20884124,-0.297932571,744831322.7,10650.0325,,19977.27887,-19977.27887,31.20892216,0.998435331,0.001564669,79,Mauritania,,0.014980827,0.999999,33690.69242,-8717.710405,0.258755247,0.360436058,0.100261664,0.001502003,0.022532801,0.023272942,0.024067022,0.913719338,0.975932978,0.934782609,0.000437701,0.006711409
47.1625,19.5033,Hungary,4970,5669,614,3759,1296,7,417890,9656250,0.000357895,7.49413E-05,0.000961475,0.001018055,0.001074832,0.001462332,0.001074832,0.001350881,0.00011505,0.000226762,0.013207876,0.013923666,0.013565771,,,1.6713,0.007123165,0.005401235,5.586487379,4E-10,31.20884124,-0.240087616,600218910.1,1436.308383,,57920.70115,-57920.70115,31.20951598,0.999460878,0.000539122,80,Hungary,,0.043276634,0.999999,10337.00848,-37297.26563,3.606870999,1.065555984,0.013565771,0.000587081,0.108308344,0.123541247,0.140407043,0.663079908,0.859592957,0.743620178,0.001384768,0.005401235
-13.254308,34.301525,Malawi,5193,5528,174,3143,2211,4,44296,19206005,0.003140573,0.000161197,0.001659199,0.001710084,0.002118624,0.004706532,0.002118624,0.004678868,0.000259646,0.000403827,0.121656249,0.127937394,0.124796821,,,1.6713,0.003270269,0.001809136,5.586487379,4E-10,31.20884124,-0.080707452,201768243.2,4554.99917,,98813.78877,-98813.78877,31.21080159,0.999684045,0.000315955,81,Malawi,,0.002306362,0.999999,167817.5771,-147548.2512,0.879213493,0.577973554,0.124796821,0.000287827,0.031476122,0.033506644,0.052457039,0.568560058,0.947542961,0.587037729,0.000747105,0.001809136
1.5,10,Equatorial Guinea,4821,4941,83,3884,974,1,51944,1409913,0.00257455,0.00051858,0.001127767,0.001141474,0.001255981,0.00359856,0.001255981,0.003513404,0.000125891,0.000281037,0.09254712,0.097696219,0.095121669,,,1.6713,0.004458195,0.001026694,5.586487379,4E-10,31.20884124,-0.045837795,114593805.7,2206.102835,,43529.90966,-43529.90966,31.20922289,0.999282525,0.000717475,82,Equatorial Guinea,,0.03684199,0.999999,9708.43956,-795.141867,0.081901438,0.247608657,0.095121669,0.003504472,0.016798219,0.017216345,0.020922612,0.786075693,0.979077388,0.79950597,0.000205846,0.001026694
22.3,114.2,Hong Kong,4560,4787,86,4287,414,23,780415,7506859,0.000176767,5.7152E-05,0.00030071,0.000307964,0.00031435,0.000692414,0.00031435,0.000641585,0.000157969,0.000518584,0.005957149,0.006310683,0.006133916,,,1.6713,0.037974031,0.055555556,5.586487379,4E-10,31.20884124,-2.344945318,5862363281,7511.853669,,18502.4462,-18502.4462,31.20891072,0.9983104,0.0016896,83,Hong Kong,,0.103960258,0.999999,3660.819485,-22541.17282,6.147089807,1.359752806,0.006133916,0.000637683,0.017965323,0.018859649,0.019666133,0.895550449,0.980333867,0.911933631,0.004892576,0.055555556
6.6111,20.9394,CAR,4679,4700,61,1784,2855,2,31042,4843035,0.004068982,0.000353461,0.001284817,0.001287659,0.002029683,0.005508781,0.002029683,0.005522532,0.000235652,0.000300346,0.147338788,0.155476752,0.15140777,,,1.6713,0.001920821,0.000700525,5.586487379,4E-10,31.20884124,-0.031285876,78213692.54,2519.608677,,127595.3717,-127595.3717,31.21210803,0.999755322,0.000244678,84,CAR,,0.006409617,0.999999,49779.79672,-9381.995204,0.188469225,0.322632061,0.15140777,0.000970466,0.012978723,0.013036974,0.033062331,0.379574468,0.966937669,0.384565639,0.000431127,0.000700525
-26.5225,31.4659,Eswatini,3989,4510,91,3359,1060,11,30007,1162102,0.004126066,0.000717873,0.001623425,0.001723866,0.001850259,0.005033755,0.001850259,0.004930147,0.000575333,0.001170049,0.146172198,0.15442433,0.150298264,,,1.6713,0.010704537,0.010377358,5.586487379,4E-10,31.20884124,-0.458971004,1147427443,38238.65908,,47373.41298,-47373.41298,31.20929305,0.999340772,0.000659228,85,Eswatini,,0.025821313,0.999999,11872.79597,-540.1924234,0.045498159,0.210650595,0.150298264,0.003880899,0.020177384,0.022812735,0.026376812,0.744789357,0.973623188,0.760126726,0.002489251,0.010377358
3.9193,-56.0278,Suriname,3216,3954,67,2991,896,24,8309,587484,0.010958356,0.001794055,0.002831977,0.003133931,0.003212106,0.009418168,0.003212106,0.009241222,0.001718839,0.003542726,0.464911183,0.486827895,0.475869539,,,1.6713,0.018240275,0.026785714,5.586487379,4E-10,31.20884124,-1.165039139,2912597820,350535.3015,,40043.94154,-40043.94154,31.20916437,0.999220019,0.000779981,86,Suriname,,0.014143364,0.999999,11722.29013,-138.0549801,0.011777122,0.157516455,0.475869539,0.006730396,0.016944866,0.020833333,0.021909745,0.756449165,0.978090255,0.769488037,0.006174428,0.026785714
22,-80,Cuba,3408,3925,94,3273,558,5,388194,11325466,0.00032114,5.97479E-05,0.00049078,0.000525711,0.00052881,0.001194712,0.00052881,0.001132359,0.000115891,0.000302496,0.009789784,0.010432064,0.010110924,,,1.6713,0.01417231,0.008960573,5.586487379,4E-10,31.20884124,-0.396876646,992191537.5,2555.916726,,24938.07966,-24938.07966,31.20896703,0.998746972,0.001253028,87,Cuba,,0.034276206,0.999999,9067.796088,-51306.47205,5.654571123,1.30833378,0.010110924,0.000346564,0.023949045,0.02758216,0.027918028,0.83388535,0.972081972,0.854346124,0.001305142,0.008960573
48.669,19.699,Slovakia,2922,3842,33,2254,1555,11,332393,5460081,0.000370794,9.1988E-05,0.000320118,0.000366569,0.000413688,0.001708243,0.000413688,0.001705045,0.000186152,0.000290733,0.011187813,0.011929401,0.011558607,,,1.6713,0.007314539,0.007073955,5.586487379,4E-10,31.20884124,-0.31391206,784780049.6,2361.000531,,69495.903,-69495.903,31.20981193,0.99955071,0.00044929,88,Slovakia,,0.060876936,0.999999,4990.298006,-11924.99381,2.388492412,0.886194127,0.011558607,0.000703653,0.008589276,0.011293634,0.014429383,0.586673607,0.985570617,0.591756367,0.002887897,0.007073955
34,9,Tunisia,2314,3572,76,1536,1960,15,139527,11838567,0.000845663,9.29915E-05,0.000772651,0.00095428,0.001134853,0.002650791,0.001134853,0.002657386,0.000349968,0.000466608,0.024755116,0.026446443,0.02560078,,,1.6713,0.006722682,0.007653061,5.586487379,4E-10,31.20884124,-0.339412262,848530563.2,6081.479306,,87596.12211,-87596.12211,31.21038226,0.999643574,0.000356426,89,Tunisia,,0.011785801,0.999999,23624.93051,-56060.66745,2.372706988,0.883600086,0.02560078,0.000301726,0.021276596,0.032843561,0.047146402,0.430011198,0.952853598,0.439359268,0.004290618,0.007653061
15,101,Thailand,3382,3411,58,3242,111,1,749213,69828870,0.000155552,1.61488E-05,0.000298729,0.000299984,0.000303623,0.000501413,0.000303623,0.000413392,3.98975E-05,0.000218324,0.004397226,0.004708329,0.004552777,,,1.6713,0.038178738,0.009009009,5.586487379,4E-10,31.20884124,-0.399002424,997505981.9,1331.405064,,4960.800793,-4960.800793,31.20884642,0.993668826,0.006331174,90,Thailand,,0.010729273,0.999999,25314.63903,-1950428.434,76.8143678,4.54689687,0.004552777,4.8848E-05,0.017003811,0.017149616,0.017575758,0.950454412,0.982424242,0.966895318,0.00029824,0.009009009
-12.8275,45.1662,Mayotte,3160,3301,40,2964,297,1,13000,273833,0.007635156,0.00191435,0.001919265,0.00196108,0.002010686,0.005311089,0.002010686,0.005047096,0.000307138,0.001016165,0.246287921,0.261558233,0.253923077,,,1.6713,0.014515775,0.003367003,5.586487379,4E-10,31.20884124,-0.149971113,374927574.7,28840.58267,,13273.49401,-13273.49401,31.20887719,0.997643228,0.002356772,91,Mayotte,,0.04747419,0.999999,4150.117609,-29.99380476,0.007227205,0.145594813,0.253923077,0.012054793,0.01211754,0.012658228,0.013315579,0.897909724,0.986684421,0.908923643,0.000306654,0.003367003
55.1694,23.8813,Lithuania,2474,2839,86,1833,920,5,634751,2715752,0.000167508,8.11221E-05,0.000430245,0.000459828,0.000519379,0.001200725,0.000519379,0.001184125,0.000106885,0.000184559,0.004305112,0.004640128,0.00447262,,,1.6713,0.008626112,0.005434783,5.586487379,4E-10,31.20884124,-0.241570695,603926608.2,951.4386086,,41116.54711,-41116.54711,31.20918186,0.999240381,0.000759619,92,Lithuania,,0.233729369,0.999999,967.2673569,-2950.12357,3.040399872,0.986700935,0.00447262,0.001045383,0.030292356,0.03476152,0.044815008,0.645649877,0.955184992,0.665819106,0.001816201,0.005434783
46.1512,14.9955,Slovenia,2456,2834,133,2268,433,2,157467,2078985,0.000670036,0.000185958,0.001065921,0.001140666,0.0011529,0.00201496,0.0011529,0.001849173,0.000137097,0.000341745,0.017327386,0.018667458,0.017997422,,,1.6713,0.012577815,0.004618938,5.586487379,4E-10,31.20884124,-0.20547561,513688871.9,3262.200156,,19351.59228,-19351.59228,31.2089172,0.998384659,0.001615341,93,Slovenia,,0.075742249,0.999999,2939.354563,-1728.871452,0.58806299,0.4913553,0.017997422,0.001363165,0.046930134,0.054153094,0.055393586,0.800282287,0.944606414,0.839689004,0.000740466,0.004618938
-11.2027,17.8739,Angola,1966,2551,107,1041,1403,24,64747,33020849,0.001529116,6.90825E-05,0.001575635,0.001783083,0.002285067,0.00386302,0.002285067,0.00388666,0.000775061,0.001019186,0.037870393,0.040928624,0.039399509,,,1.6713,0.011718087,0.017106201,5.586487379,4E-10,31.20884124,-0.751430768,1878576878,29014.1146,,62702.73435,-62702.73435,31.20963174,0.999502012,0.000497988,94,Angola,,0.001960791,0.999999,99978.3804,-436150.5875,4.362258685,1.161613635,0.039399509,7.72542E-05,0.041944336,0.054425229,0.093205575,0.408075265,0.906794425,0.42594108,0.009819967,0.017106201
25.0343,-77.3963,Bahamas,1424,2135,50,782,1303,83,11037,393852,0.007519965,0.0013979,0.00287915,0.003504229,0.004524694,0.009172306,0.004524694,0.009217087,0.00372211,0.004649419,0.185920281,0.200960212,0.193440246,,,1.6713,0.022667273,0.063699156,5.586487379,4E-10,31.20884124,-2.665495172,6663737919,603763.5154,,58233.54444,-58233.54444,31.20952328,0.999463775,0.000536225,95,Bahamas,,0.028023217,0.999999,4915.922579,-62.04775916,0.012621761,0.159455685,0.193440246,0.005420818,0.023419204,0.03511236,0.060096154,0.366276347,0.939903846,0.375059952,0.039808153,0.063699156
18.1096,-77.2975,Jamaica,1146,2011,19,888,1104,4,56494,2963288,0.001559075,0.000219131,0.000814033,0.001074452,0.00120506,0.004178467,0.00120506,0.004182485,0.000376688,0.00050558,0.034037626,0.037155775,0.035596701,,,1.6713,0.006536088,0.003623188,5.586487379,4E-10,31.20884124,-0.161340476,403350995.4,7139.713871,,49339.85654,-49339.85654,31.20933123,0.999367061,0.000632939,96,Jamaica,,0.019064634,0.999999,8138.154986,-3512.430308,0.431577434,0.435621467,0.035596701,0.000678638,0.009448036,0.016579407,0.020948181,0.441571358,0.979051819,0.445783133,0.002008032,0.003623188
12.5186,-70.0358,Aruba,1205,1975,10,765,1200,7,20869,106840,0.004052597,0.001864896,0.000982661,0.001255991,0.001562495,0.00674444,0.001562495,0.006750693,0.000824864,0.001054332,0.090585383,0.098690577,0.09463798,,,1.6713,0.007690176,0.005833333,5.586487379,4E-10,31.20884124,-0.259181976,647954820,31048.67603,,53630.27884,-53630.27884,31.20941992,0.999417724,0.000582276,97,Aruba,,0.195329465,0.999999,732.3337762,-4.56591424,0.006234692,0.142525388,0.09463798,0.018485586,0.005063291,0.008298755,0.012903226,0.387341772,0.987096774,0.389312977,0.003562341,0.005833333
31.24,36.51,Jordan,1438,1893,15,1447,431,3,810061,10219498,0.000107295,3.02407E-05,0.000197022,0.000225767,0.000223926,0.000943023,0.000223926,0.000934434,8.87436E-05,0.000184747,0.002229566,0.002444156,0.002336861,,,1.6713,0.014776575,0.006960557,5.586487379,4E-10,31.20884124,-0.308915208,772287919,953.3700783,,19262.20848,-19262.20848,31.20891651,0.998377151,0.001622849,98,Jordan,,0.079266222,0.999999,1905.650339,-41775.25575,21.67524603,2.463371278,0.002336861,0.000185234,0.00792393,0.010431154,0.010259918,0.76439514,0.989740082,0.770500532,0.001597444,0.006960557
-40.9006,174.886,New Zealand,1649,1729,22,1570,137,10,750808,5002100,0.000110636,4.29054E-05,0.000258702,0.00026482,0.000269454,0.00066699,0.000269454,0.000627108,0.000176146,0.000600409,0.002192216,0.002413489,0.002302852,,,1.6713,0.075493682,0.072992701,5.586487379,4E-10,31.20884124,-3.024066905,7560167252,10069.37493,,6122.790168,-6122.790168,31.20884905,0.994876589,0.005123411,99,New Zealand,,0.150098559,0.999999,919.2056101,-10008.40176,10.76209616,1.766056486,0.002302852,0.000345655,0.012724118,0.013341419,0.013819095,0.908039329,0.986180905,0.919742238,0.005858231,0.072992701
10.6918,-61.2225,Trinidad and Tobago,629,1645,19,894,732,5,23429,1400234,0.003338569,0.0004476,0.001396155,0.00223642,0.001865251,0.006508565,0.001865251,0.00650079,0.000723466,0.001076226,0.066873561,0.0735507,0.07021213,,,1.6713,0.010826471,0.006830601,5.586487379,4E-10,31.20884124,-0.303187337,757968240.3,32351.71114,,32714.47009,-32714.47009,31.20905721,0.999045105,0.000954895,100,Trinidad and Tobago,,0.016732203,0.999999,7312.793424,-784.2621019,0.107243642,0.268550076,0.07021213,0.001174804,0.011550152,0.030206677,0.020810515,0.543465046,0.979189485,0.549815498,0.003075031,0.006830601
-22.3285,24.6849,Botswana,1308,1633,6,224,1403,1,109547,2359065,0.000732256,0.000158929,0.000365607,0.000408324,0.000963171,0.002078859,0.000963171,0.002082078,0.000149763,0.000161268,0.014174587,0.0156391,0.014906844,,,1.6713,0.003097993,0.000712758,5.586487379,4E-10,31.20884124,-0.031831819,79578565.85,726.4330913,,62702.73435,-62702.73435,31.20963174,0.999502012,0.000497988,101,Botswana,,0.046436618,0.999999,2771.265305,-2226.07507,0.803037586,0.556908542,0.014906844,0.000692223,0.003674219,0.004587156,0.026086957,0.137170851,0.973913043,0.137676706,0.000614628,0.000712758
-32.5228,-55.7658,Uruguay,1485,1570,44,1364,162,3,171237,3475711,0.000460663,0.000102698,0.000797694,0.000819529,0.000840937,0.001631825,0.000840937,0.001488821,0.000214086,0.000651593,0.008707916,0.009629242,0.009168579,,,1.6713,0.038713284,0.018518519,5.586487379,4E-10,31.20884124,-0.812301318,2030753256,11859.31344,,7240.087644,-7240.087644,31.2088521,0.995670694,0.004329306,102,Uruguay,,0.049266754,0.999999,2525.873251,-4832.226782,1.911644774,0.803611778,0.009168579,0.000451706,0.028025478,0.02962963,0.03125,0.868789809,0.96875,0.893840105,0.001965924,0.018518519
-21.1351,55.2471,Runion,880,1557,6,880,671,2,35419,896353,0.002178624,0.000442533,0.000658432,0.000874514,0.000871568,0.005268234,0.000871568,0.005265126,0.00038137,0.000579327,0.041780833,0.046138081,0.043959457,,,1.6713,0.008139983,0.002980626,5.586487379,4E-10,31.20884124,-0.132812782,332031720.7,9374.395684,,29988.26425,-29988.26425,31.20902284,0.998958207,0.001041793,103,Runion,,0.039514566,0.999999,3013.647994,-321.3794802,0.106637573,0.268080167,0.043959457,0.001737039,0.003853565,0.006818182,0.006772009,0.565189467,0.993227991,0.567375887,0.001289491,0.002980626
35.1264,33.4299,Cyprus,1359,1483,20,935,528,5,286736,1208790,0.000267913,0.000130743,0.00043081,0.000449754,0.000534819,0.001802788,0.000534819,0.001793775,0.000217976,0.000361736,0.004904092,0.005439917,0.005172005,,,1.6713,0.014969946,0.009469697,5.586487379,4E-10,31.20884124,-0.419210985,1048027389,3655.025491,,23597.32269,-23597.32269,31.20895393,0.998675683,0.001324317,104,Cyprus,,0.23720911,0.999999,497.5142984,-584.4693056,1.172017936,0.651469458,0.005172005,0.001226847,0.013486177,0.014716703,0.020942408,0.630478759,0.979057592,0.639097744,0.003417635,0.009469697
56.8796,24.6032,Latvia,1323,1381,34,1163,184,1,248932,1882635,0.000297741,0.000108529,0.000621184,0.000634303,0.000665926,0.001461554,0.000665926,0.001376644,0.000109181,0.000294712,0.005249959,0.005845441,0.0055477,,,1.6713,0.023282834,0.005434783,5.586487379,4E-10,31.20884124,-0.241570695,603926608.2,2426.070606,,8223.309423,-8223.309423,31.20885519,0.996190317,0.003809683,105,Latvia,,0.132225312,0.999999,830.8328511,-1417.725817,1.702900827,0.764225367,0.0055477,0.000733546,0.024619841,0.025699169,0.028404344,0.842143374,0.971595656,0.863400148,0.00074239,0.005434783
5,-58.75,Guyana,737,1184,35,636,513,9,8079,787174,0.007869796,0.000862366,0.00376895,0.004732746,0.004947868,0.011095457,0.004947868,0.011062296,0.001961696,0.002921442,0.138682996,0.154422587,0.146552791,,,1.6713,0.020016697,0.01754386,5.586487379,4E-10,31.20884124,-0.770312816,1925781999,238368.8574,,22926.94421,-22926.94421,31.20894765,0.998636907,0.001363093,106,Guyana,,0.010263296,0.999999,7876.436002,-247.8571625,0.031468061,0.192440362,0.146552791,0.001504115,0.029560811,0.047489824,0.052160954,0.537162162,0.947839046,0.553524804,0.007832898,0.01754386
16.25,-61.5833,Guadeloupe,510,1145,16,336,793,9,29595,400135,0.002242093,0.00062102,0.001364676,0.002026663,0.002421671,0.005293788,0.002421671,0.005315455,0.001033867,0.0012315,0.036446874,0.040931061,0.038688968,,,1.6713,0.013011671,0.011349306,5.586487379,4E-10,31.20884124,-0.501465436,1253663529,42360.65311,,35440.67594,-35440.67594,31.20909455,0.999118622,0.000881378,107,Guadeloupe,,0.073962538,0.999999,1190.533878,-64.04320729,0.053791257,0.220096056,0.038688968,0.002861534,0.013973799,0.031372549,0.045454545,0.293449782,0.954545455,0.297608503,0.007971656,0.011349306
13.1939,-59.5432,Belize,475,964,13,115,836,8,7965,398766,0.007309659,0.001100571,0.002584933,0.003656482,0.006769787,0.007264239,0.006769787,0.007306946,0.002046844,0.002181817,0.113719845,0.128339164,0.121029504,,,1.6713,0.011701118,0.009569378,5.586487379,4E-10,31.20884124,-0.423581102,1058952681,132950.7446,,37362.42759,-37362.42759,31.20912267,0.999163993,0.000836007,108,Belize,,0.01997412,0.999999,3393.685704,-63.6057291,0.018742271,0.171907918,0.121029504,0.002417458,0.013485477,0.027368421,0.1015625,0.119294606,0.8984375,0.120925342,0.008412198,0.009569378
14.6415,-61.0242,Martinique,336,596,16,98,482,3,12227,375217,0.003894929,0.000720318,0.002923584,0.003851975,0.00628284,0.006704544,0.00628284,0.006777919,0.001297503,0.001422555,0.044849653,0.052639511,0.048744582,,,1.6713,0.013226059,0.006224066,5.586487379,4E-10,31.20884124,-0.276434025,691084949.4,56521.21938,,21541.49534,-21541.49534,31.20893525,0.998549113,0.001450887,109,Martinique,,0.032586477,0.999999,1391.846372,-56.31511884,0.040459553,0.204485599,0.048744582,0.001588414,0.026845638,0.047619048,0.140350877,0.16442953,0.859649123,0.168965517,0.005172414,0.006224066
21.694,-71.7979,Turks and Caicos,315,490,3,148,339,3,2367,38801,0.016659215,0.00459134,0.003207389,0.003993466,0.005737691,0.018878629,0.005737691,0.01891143,0.003217192,0.00385082,0.190353881,0.223672312,0.207013097,,,1.6713,0.018739509,0.008849558,5.586487379,4E-10,31.20884124,-0.392003498,980008665,414029.8542,,15150.55377,-15150.55377,31.20888797,0.997935822,0.002064178,110,Turks and Caicos,,0.061003582,0.999999,509.5601064,-0.60220704,0.001181815,0.119917613,0.207013097,0.012628541,0.006122449,0.00952381,0.01986755,0.302040816,0.98013245,0.303901437,0.006160164,0.008849558
18.0425,-63.0548,Sint Maarten,333,444,17,179,248,8,2281,42954,0.016583773,0.004236391,0.008037445,0.009219054,0.011788471,0.020546084,0.011788471,0.020667457,0.005679194,0.007400508,0.178067695,0.211235242,0.194651469,,,1.6713,0.038720962,0.032258065,5.586487379,4E-10,31.20884124,-1.395168542,3487921333,1529119.392,,11083.59096,-11083.59096,31.2088664,0.997176254,0.002823746,111,Sint Maarten,,0.05310332,0.999999,538.6836206,-0.738018446,0.001370037,0.12125457,0.194651469,0.010336639,0.038288288,0.051051051,0.086734694,0.403153153,0.913265306,0.419203747,0.018735363,0.032258065
18.0708,-63.0501,Saint Martin,121,213,5,79,129,11,2756,38770,0.010175434,0.002816533,0.005769076,0.007583991,0.009015472,0.018405835,0.009015472,0.018493293,0.008527767,0.010641843,0.067110487,0.087461356,0.077285922,,,1.6713,0.083196295,0.085271318,5.586487379,4E-10,31.20884124,-3.485973494,8714933727,3162167.535,,5765.254976,-5765.254976,31.20884819,0.994557111,0.005442889,112,Saint Martin,,0.071085891,0.999999,221.1822543,-0.60124516,0.002718291,0.128923547,0.077285922,0.005493939,0.023474178,0.041322314,0.05952381,0.370892019,0.94047619,0.379807692,0.052884615,0.085271318
17.0608,-61.7964,Antigua and Barbuda,93,94,3,89,2,1,1875,98061,0.01008184,0.001429726,0.008120797,0.008162894,0.00820565,0.010368056,0.00820565,0.006773511,0.004816428,0.023100172,0.040051493,0.060215174,0.050133333,,,1.6713,0.763378033,0.5,5.586487379,4E-10,31.20884124,-11.17297476,27932436892,14897299.68,,89.38379807,-89.38379807,31.20884125,#NUM!,#NUM!,113,Antigua and Barbuda,,0.019120751,0.999999,373.5691237,-3.846383888,0.010296027,0.153939828,0.050133333,0.000958587,0.031914894,0.032258065,0.032608696,0.946808511,0.967391304,0.978021978,0.010989011,0.5
,,,,,,,,,,,,,,,,,,,,,,,0.114031585,,,,,,,,,,,,,,,,,,,,,,,,,,43.08843462,0.114031585,,,,,,,,,
